ID	NUMBER	ENGLISH	CONCEPTICON_ID	CONCEPTICON_GLOSS	IN_SOURCE_LANGUAGE_GROUP
Backstrom-1992-210a-1	1	body	1480	BODY	Urdu and Pashto
Backstrom-1992-210a-2	2	head	1256	HEAD	Urdu and Pashto
Backstrom-1992-210a-3	3	hair	1040	HAIR	Urdu and Pashto
Backstrom-1992-210a-4	4	face	1560	FACE	Urdu and Pashto
Backstrom-1992-210a-5	5	eye	1248	EYE	Urdu and Pashto
Backstrom-1992-210a-6	6	ear	1247	EAR	Urdu and Pashto
Backstrom-1992-210a-7	7	nose	1221	NOSE	Urdu and Pashto
Backstrom-1992-210a-8	8	mouth	674	MOUTH	Urdu and Pashto
Backstrom-1992-210a-9	9	teeth	1380	TOOTH	Urdu and Pashto
Backstrom-1992-210a-10	10	tongue	1205	TONGUE	Urdu and Pashto
Backstrom-1992-210a-11	11	breast	1402	BREAST	Urdu and Pashto
Backstrom-1992-210a-12	12	belly	1251	BELLY	Urdu and Pashto
Backstrom-1992-210a-13	13	arm/hand	2121	ARM OR HAND	Urdu and Pashto
Backstrom-1992-210a-14	14	elbow	981	ELBOW	Urdu and Pashto
Backstrom-1992-210a-15	15	palm	1183	PALM OF HAND	Urdu and Pashto
Backstrom-1992-210a-16	16	finger	1303	FINGER	Urdu and Pashto
Backstrom-1992-210a-17	17	fingernail	1258	FINGERNAIL	Urdu and Pashto
Backstrom-1992-210a-18	18	leg	1297	LEG	Urdu and Pashto
Backstrom-1992-210a-19	19	skin	763	SKIN	Urdu and Pashto
Backstrom-1992-210a-20	20	bone	1394	BONE	Urdu and Pashto
Backstrom-1992-210a-21	21	heart	1223	HEART	Urdu and Pashto
Backstrom-1992-210a-22	22	blood	946	BLOOD	Urdu and Pashto
Backstrom-1992-210a-23	23	urine	1142	URINE	Urdu and Pashto
Backstrom-1992-210a-24	24	feces	675	FAECES (EXCREMENT)	Urdu and Pashto
Backstrom-1992-210a-25	25	village	930	VILLAGE	Urdu and Pashto
Backstrom-1992-210a-26	26	house	1252	HOUSE	Urdu and Pashto
Backstrom-1992-210a-27	27	roof	769	ROOF	Urdu and Pashto
Backstrom-1992-210a-28	28	door	1567	DOOR	Urdu and Pashto
Backstrom-1992-210a-29	29	firewood	10	FIREWOOD	Urdu and Pashto
Backstrom-1992-210a-30	30	broom	245	BROOM	Urdu and Pashto
Backstrom-1992-210a-31	31	mortar	224	MORTAR CRUSHER	Urdu and Pashto
Backstrom-1992-210a-32	32	pestle	225	PESTLE	Urdu and Pashto
Backstrom-1992-210a-33	33	hammer	1481	HAMMER	Urdu and Pashto
Backstrom-1992-210a-34	34	knife	1352	KNIFE	Urdu and Pashto
Backstrom-1992-210a-35	35	axe	677	AXE	Urdu and Pashto
Backstrom-1992-210a-36	36	rope	1218	ROPE	Urdu and Pashto
Backstrom-1992-210a-37	37	thread	1161	THREAD	Urdu and Pashto
Backstrom-1992-210a-38	38	needle	1382	NEEDLE (FOR SEWING)	Urdu and Pashto
Backstrom-1992-210a-39	39	cloth	1616	CLOTH	Urdu and Pashto
Backstrom-1992-210a-40	40	ring	1374	RING	Urdu and Pashto
Backstrom-1992-210a-41	41	sun	1343	SUN	Urdu and Pashto
Backstrom-1992-210a-42	42	moon	1313	MOON	Urdu and Pashto
Backstrom-1992-210a-43	43	sky	1732	SKY	Urdu and Pashto
Backstrom-1992-210a-44	44	star	1430	STAR	Urdu and Pashto
Backstrom-1992-210a-45	45	rain	658	RAIN (PRECIPITATION)	Urdu and Pashto
Backstrom-1992-210a-46	46	water	948	WATER	Urdu and Pashto
Backstrom-1992-210a-47	47	river	666	RIVER	Urdu and Pashto
Backstrom-1992-210a-48	48	cloud	1489	CLOUD	Urdu and Pashto
Backstrom-1992-210a-49	49	lightning	1654	LIGHTNING	Urdu and Pashto
Backstrom-1992-210a-50	50	rainbow	1733	RAINBOW	Urdu and Pashto
Backstrom-1992-210a-51	51	wind	960	WIND	Urdu and Pashto
Backstrom-1992-210a-52	52	stone	857	STONE	Urdu and Pashto
Backstrom-1992-210a-53	53	path	2252	PATH	Urdu and Pashto
Backstrom-1992-210a-54	54	sand	671	SAND	Urdu and Pashto
Backstrom-1992-210a-55	55	fire	221	FIRE	Urdu and Pashto
Backstrom-1992-210a-56	56	smoke	778	SMOKE (EXHAUST)	Urdu and Pashto
Backstrom-1992-210a-57	57	ash	646	ASH	Urdu and Pashto
Backstrom-1992-210a-58	58	mud	640	MUD	Urdu and Pashto
Backstrom-1992-210a-59	59	dust	2	DUST	Urdu and Pashto
Backstrom-1992-210a-60	60	gold	1369	GOLD	Urdu and Pashto
Backstrom-1992-210a-61	61	tree	906	TREE	Urdu and Pashto
Backstrom-1992-210a-62	62	leaf	628	LEAF	Urdu and Pashto
Backstrom-1992-210a-63	63	root	670	ROOT	Urdu and Pashto
Backstrom-1992-210a-64	64	thorn	124	THORN	Urdu and Pashto
Backstrom-1992-210a-65	65	flower	239	FLOWER	Urdu and Pashto
Backstrom-1992-210a-66	66	fruit	1507	FRUIT	Urdu and Pashto
Backstrom-1992-210a-67	67	mango	2398	MANGO	Urdu and Pashto
Backstrom-1992-210a-68	68	banana	868	BANANA	Urdu and Pashto
Backstrom-1992-210a-69	69	wheat (husked)	1077	WHEAT	Urdu and Pashto
Backstrom-1992-210a-70	70	barley	932	BARLEY	Urdu and Pashto
Backstrom-1992-210a-71	71	rice (husked)	926	RICE	Urdu and Pashto
Backstrom-1992-210a-72	72	potato	593	POTATO	Urdu and Pashto
Backstrom-1992-210a-73	73	eggplant	1146	AUBERGINE	Urdu and Pashto
Backstrom-1992-210a-74	74	groundnut	2364	PEANUT	Urdu and Pashto
Backstrom-1992-210a-75	75	chili	919	CHILI PEPPER	Urdu and Pashto
Backstrom-1992-210a-76	76	turmeric	2842	TURMERIC	Urdu and Pashto
Backstrom-1992-210a-77	77	garlic	2368	GARLIC	Urdu and Pashto
Backstrom-1992-210a-78	78	onion	2366	ONION	Urdu and Pashto
Backstrom-1992-210a-79	79	cauliflower	2843	CAULIFLOWER	Urdu and Pashto
Backstrom-1992-210a-80	80	tomato	986	TOMATO	Urdu and Pashto
Backstrom-1992-210a-81	81	cabbage	774	CABBAGE	Urdu and Pashto
Backstrom-1992-210a-82	82	oil	1484	OIL (ORGANIC SUBSTANCE)	Urdu and Pashto
Backstrom-1992-210a-83	83	salt	1274	SALT	Urdu and Pashto
Backstrom-1992-210a-84	84	meat	634	MEAT	Urdu and Pashto
Backstrom-1992-210a-85	85	fat (of meat)	1282	FAT (FROM ANIMALS)	Urdu and Pashto
Backstrom-1992-210a-86	86	fish	227	FISH	Urdu and Pashto
Backstrom-1992-210a-87	87	chicken	1318	CHICKEN	Urdu and Pashto
Backstrom-1992-210a-88	88	egg	744	EGG	Urdu and Pashto
Backstrom-1992-210a-89	89	cow	1007	COW	Urdu and Pashto
Backstrom-1992-210a-90	90	buffalo	934	BUFFALO	Urdu and Pashto
Backstrom-1992-210a-91	91	milk	635	MILK	Urdu and Pashto
Backstrom-1992-210a-92	92	horns	1393	HORN (ANATOMY)	Urdu and Pashto
Backstrom-1992-210a-93	93	tail	1220	TAIL	Urdu and Pashto
Backstrom-1992-210a-94	94	goat	1502	GOAT	Urdu and Pashto
Backstrom-1992-210a-95	95	dog	2009	DOG	Urdu and Pashto
Backstrom-1992-210a-96	96	snake	730	SNAKE	Urdu and Pashto
Backstrom-1992-210a-97	97	monkey	1350	MONKEY	Urdu and Pashto
Backstrom-1992-210a-98	98	mosquito	1509	MOSQUITO	Urdu and Pashto
Backstrom-1992-210a-99	99	ant	587	ANT	Urdu and Pashto
Backstrom-1992-210a-100	100	spider	843	SPIDER	Urdu and Pashto
Backstrom-1992-210a-101	101	name	1405	NAME	Urdu and Pashto
Backstrom-1992-210a-102	102	man	1554	MAN	Urdu and Pashto
Backstrom-1992-210a-103	103	woman	962	WOMAN	Urdu and Pashto
Backstrom-1992-210a-104	104	child	2099	CHILD	Urdu and Pashto
Backstrom-1992-210a-105	105	father	1217	FATHER	Urdu and Pashto
Backstrom-1992-210a-106	106	mother	1216	MOTHER	Urdu and Pashto
Backstrom-1992-210a-107	107	older brother	1759	OLDER BROTHER	Urdu and Pashto
Backstrom-1992-210a-108	108	younger brother	1760	YOUNGER BROTHER	Urdu and Pashto
Backstrom-1992-210a-109	109	older sister	1758	OLDER SISTER	Urdu and Pashto
Backstrom-1992-210a-110	110	younger sister	1761	YOUNGER SISTER	Urdu and Pashto
Backstrom-1992-210a-111	111	son	1620	SON	Urdu and Pashto
Backstrom-1992-210a-112	112	daughter	1357	DAUGHTER	Urdu and Pashto
Backstrom-1992-210a-113	113	husband	1200	HUSBAND	Urdu and Pashto
Backstrom-1992-210a-114	114	wife	1199	WIFE	Urdu and Pashto
Backstrom-1992-210a-115	115	boy	1366	BOY	Urdu and Pashto
Backstrom-1992-210a-116	116	girl	1646	GIRL	Urdu and Pashto
Backstrom-1992-210a-117	117	day	1225	DAY (NOT NIGHT)	Urdu and Pashto
Backstrom-1992-210a-118	118	night	1233	NIGHT	Urdu and Pashto
Backstrom-1992-210a-119	119	morning	1339	MORNING	Urdu and Pashto
Backstrom-1992-210a-120	120	noon	12	MIDDAY	Urdu and Pashto
Backstrom-1992-210a-121	121	evening	1629	EVENING	Urdu and Pashto
Backstrom-1992-210a-122	122	yesterday	1174	YESTERDAY	Urdu and Pashto
Backstrom-1992-210a-123	123	today	1283	TODAY	Urdu and Pashto
Backstrom-1992-210a-124	124	tomorrow	1329	TOMORROW	Urdu and Pashto
Backstrom-1992-210a-125	125	week	1469	WEEK	Urdu and Pashto
Backstrom-1992-210a-126	126	month	1370	MONTH	Urdu and Pashto
Backstrom-1992-210a-127	127	year	1226	YEAR	Urdu and Pashto
Backstrom-1992-210a-128	128	old	1229	OLD	Urdu and Pashto
Backstrom-1992-210a-129	129	new	1231	NEW	Urdu and Pashto
Backstrom-1992-210a-130	130	good	1035	GOOD	Urdu and Pashto
Backstrom-1992-210a-131	131	bad	1292	BAD	Urdu and Pashto
Backstrom-1992-210a-132	132	wet	1726	WET	Urdu and Pashto
Backstrom-1992-210a-133	133	dry	1398	DRY	Urdu and Pashto
Backstrom-1992-210a-134	134	long	1203	LONG	Urdu and Pashto
Backstrom-1992-210a-135	135	short	1645	SHORT	Urdu and Pashto
Backstrom-1992-210a-136	136	hot	1286	HOT	Urdu and Pashto
Backstrom-1992-210a-137	137	cold	1287	COLD	Urdu and Pashto
Backstrom-1992-210a-138	138	right	1019	RIGHT	Urdu and Pashto
Backstrom-1992-210a-139	139	left	244	LEFT	Urdu and Pashto
Backstrom-1992-210a-140	140	near	1942	NEAR	Urdu and Pashto
Backstrom-1992-210a-141	141	far	1406	FAR	Urdu and Pashto
Backstrom-1992-210a-142	142	big	1202	BIG	Urdu and Pashto
Backstrom-1992-210a-143	143	small	1246	SMALL	Urdu and Pashto
Backstrom-1992-210a-144	144	heavy	1210	HEAVY	Urdu and Pashto
Backstrom-1992-210a-145	145	light	1052	LIGHT (WEIGHT)	Urdu and Pashto
Backstrom-1992-210a-146	146	above	1741	ABOVE	Urdu and Pashto
Backstrom-1992-210a-147	147	below	1485	BELOW OR UNDER	Urdu and Pashto
Backstrom-1992-210a-148	148	white	1335	WHITE	Urdu and Pashto
Backstrom-1992-210a-149	149	black	163	BLACK	Urdu and Pashto
Backstrom-1992-210a-150	150	red	156	RED	Urdu and Pashto
Backstrom-1992-210a-151	151	one	1493	ONE	Urdu and Pashto
Backstrom-1992-210a-152	152	two	1498	TWO	Urdu and Pashto
Backstrom-1992-210a-153	153	three	492	THREE	Urdu and Pashto
Backstrom-1992-210a-154	154	four	1500	FOUR	Urdu and Pashto
Backstrom-1992-210a-155	155	five	493	FIVE	Urdu and Pashto
Backstrom-1992-210a-156	156	six	1703	SIX	Urdu and Pashto
Backstrom-1992-210a-157	157	seven	1704	SEVEN	Urdu and Pashto
Backstrom-1992-210a-158	158	eight	1705	EIGHT	Urdu and Pashto
Backstrom-1992-210a-159	159	nine	1483	NINE	Urdu and Pashto
Backstrom-1992-210a-160	160	ten	1515	TEN	Urdu and Pashto
Backstrom-1992-210a-161	161	eleven	1706	ELEVEN	Urdu and Pashto
Backstrom-1992-210a-162	162	twelve	1707	TWELVE	Urdu and Pashto
Backstrom-1992-210a-163	163	twenty	1710	TWENTY	Urdu and Pashto
Backstrom-1992-210a-164	164	one hundred	1634	HUNDRED	Urdu and Pashto
Backstrom-1992-210a-165	165	who	1235	WHO	Urdu and Pashto
Backstrom-1992-210a-166	166	what	1236	WHAT	Urdu and Pashto
Backstrom-1992-210a-167	167	where	1237	WHERE	Urdu and Pashto
Backstrom-1992-210a-168	168	when	1238	WHEN	Urdu and Pashto
Backstrom-1992-210a-169	169	how many	822	HOW MANY	Urdu and Pashto
Backstrom-1992-210a-170	170	which	727	WHICH	Urdu and Pashto
Backstrom-1992-210a-171	171	this	1214	THIS	Urdu and Pashto
Backstrom-1992-210a-172	172	that	78	THAT	Urdu and Pashto
Backstrom-1992-210a-173	173	these	1214	THIS	Urdu and Pashto
Backstrom-1992-210a-174	174	those	78	THAT	Urdu and Pashto
Backstrom-1992-210a-175	175	same	200	SAME	Urdu and Pashto
Backstrom-1992-210a-176	176	different	2504	DIFFERENT	Urdu and Pashto
Backstrom-1992-210a-177	177	whole	2277	WHOLE	Urdu and Pashto
Backstrom-1992-210a-178	178	broken	588	BROKEN	Urdu and Pashto
Backstrom-1992-210a-179	179	few	1242	FEW	Urdu and Pashto
Backstrom-1992-210a-180	180	many	1198	MANY	Urdu and Pashto
Backstrom-1992-210a-181	181	all	98	ALL	Urdu and Pashto
Backstrom-1992-210a-182	182	to eat / eat!	1336	EAT	Urdu and Pashto
Backstrom-1992-210a-183	183	to bite / the dog bites / bit	1403	BITE	Urdu and Pashto
Backstrom-1992-210a-184	184	to be hungry / you are hungry	1533	BE HUNGRY	Urdu and Pashto
Backstrom-1992-210a-185	185	to drink / drink!	1401	DRINK	Urdu and Pashto
Backstrom-1992-210a-186	186	to be thirsty / you are thirsty	847	THIRSTY	Urdu and Pashto
Backstrom-1992-210a-187	187	to sleep / sleep!	1585	SLEEP	Urdu and Pashto
Backstrom-1992-210a-188	188	to lie / lie down!	1411	LIE (REST)	Urdu and Pashto
Backstrom-1992-210a-189	189	to sit / sit!	1416	SIT	Urdu and Pashto
Backstrom-1992-210a-190	190	to give / give!	1447	GIVE	Urdu and Pashto
Backstrom-1992-210a-191	191	burn (the wood)!	141	BURN (SOMETHING)	Urdu and Pashto
Backstrom-1992-210a-192	192	to die / he died	1494	DIE	Urdu and Pashto
Backstrom-1992-210a-193	193	to kill / kill the bird	1417	KILL	Urdu and Pashto
Backstrom-1992-210a-194	194	to fly / the bird flies / flew	1441	FLY (MOVE THROUGH AIR)	Urdu and Pashto
Backstrom-1992-210a-195	195	walk!	1443	WALK	Urdu and Pashto
Backstrom-1992-210a-196	196	to run / run!	1519	RUN	Urdu and Pashto
Backstrom-1992-210a-197	197	to go / go!	695	GO	Urdu and Pashto
Backstrom-1992-210a-198	198	to come / come!	1446	COME	Urdu and Pashto
Backstrom-1992-210a-199	199	to speak / speak!	1623	SPEAK	Urdu and Pashto
Backstrom-1992-210a-200	200	to hear / hear! / listen!	1408	HEAR	Urdu and Pashto
Backstrom-1992-210a-201	201	to look / look!	1819	LOOK	Urdu and Pashto
Backstrom-1992-210a-202	202	I	1209	I	Urdu and Pashto
Backstrom-1992-210a-203	203	you (informal)	1215	THOU	Urdu and Pashto
Backstrom-1992-210a-204	204	you (formal)	2844	YOU (FORMAL ADDRESS)	Urdu and Pashto
Backstrom-1992-210a-205	205	he	1211	HE	Urdu and Pashto
Backstrom-1992-210a-206	206	she	1834	SHE	Urdu and Pashto
Backstrom-1992-210a-207	207	we (inclusive)	1131	WE (INCLUSIVE)	Urdu and Pashto
Backstrom-1992-210a-208	208	we (exclusive)	1130	WE (EXCLUSIVE)	Urdu and Pashto
Backstrom-1992-210a-209	209	you (plural)	1213	YOU	Urdu and Pashto
Backstrom-1992-210a-210	210	they	817	THEY	Urdu and Pashto
Backstrom-1992-210b-1	1	body	1480	BODY	Balti
Backstrom-1992-210b-2	2	head	1256	HEAD	Balti
Backstrom-1992-210b-3	3	hair	1040	HAIR	Balti
Backstrom-1992-210b-4	4	face	1560	FACE	Balti
Backstrom-1992-210b-5	5	eye	1248	EYE	Balti
Backstrom-1992-210b-6	6	ear	1247	EAR	Balti
Backstrom-1992-210b-7	7	nose	1221	NOSE	Balti
Backstrom-1992-210b-8	8	mouth	674	MOUTH	Balti
Backstrom-1992-210b-9	9	teeth	1380	TOOTH	Balti
Backstrom-1992-210b-10	10	tongue	1205	TONGUE	Balti
Backstrom-1992-210b-11	11	breast	1402	BREAST	Balti
Backstrom-1992-210b-12	12	belly	1251	BELLY	Balti
Backstrom-1992-210b-13	13	arm	1673	ARM	Balti
Backstrom-1992-210b-14	14	elbow	981	ELBOW	Balti
Backstrom-1992-210b-15	15	palm	1183	PALM OF HAND	Balti
Backstrom-1992-210b-16	16	finger	1303	FINGER	Balti
Backstrom-1992-210b-17	17	fingernail	1258	FINGERNAIL	Balti
Backstrom-1992-210b-18	18	leg	1297	LEG	Balti
Backstrom-1992-210b-19	19	skin	763	SKIN	Balti
Backstrom-1992-210b-20	20	bone	1394	BONE	Balti
Backstrom-1992-210b-21	21	heart	1223	HEART	Balti
Backstrom-1992-210b-22	22	blood	946	BLOOD	Balti
Backstrom-1992-210b-23	23	urine	1142	URINE	Balti
Backstrom-1992-210b-24	24	feces	675	FAECES (EXCREMENT)	Balti
Backstrom-1992-210b-25	25	village	930	VILLAGE	Balti
Backstrom-1992-210b-26	26	house	1252	HOUSE	Balti
Backstrom-1992-210b-27	27	roof	769	ROOF	Balti
Backstrom-1992-210b-28	28	door	1567	DOOR	Balti
Backstrom-1992-210b-29	29	firewood	10	FIREWOOD	Balti
Backstrom-1992-210b-30	30	broom	245	BROOM	Balti
Backstrom-1992-210b-31	31	mortar	224	MORTAR CRUSHER	Balti
Backstrom-1992-210b-32	32	pestle	225	PESTLE	Balti
Backstrom-1992-210b-33	33	hammer	1481	HAMMER	Balti
Backstrom-1992-210b-34	34	knife	1352	KNIFE	Balti
Backstrom-1992-210b-35	35	axe	677	AXE	Balti
Backstrom-1992-210b-36	36	rope	1218	ROPE	Balti
Backstrom-1992-210b-37	37	thread	1161	THREAD	Balti
Backstrom-1992-210b-38	38	needle	1382	NEEDLE (FOR SEWING)	Balti
Backstrom-1992-210b-39	39	cloth	1616	CLOTH	Balti
Backstrom-1992-210b-40	40	ring	1374	RING	Balti
Backstrom-1992-210b-41	41	sun	1343	SUN	Balti
Backstrom-1992-210b-42	42	moon	1313	MOON	Balti
Backstrom-1992-210b-43	43	sky	1732	SKY	Balti
Backstrom-1992-210b-44	44	star	1430	STAR	Balti
Backstrom-1992-210b-45	45	rain	658	RAIN (PRECIPITATION)	Balti
Backstrom-1992-210b-46	46	water	948	WATER	Balti
Backstrom-1992-210b-47	47	river	666	RIVER	Balti
Backstrom-1992-210b-48	48	cloud	1489	CLOUD	Balti
Backstrom-1992-210b-49	49	lightning	1654	LIGHTNING	Balti
Backstrom-1992-210b-50	50	rainbow	1733	RAINBOW	Balti
Backstrom-1992-210b-51	51	wind	960	WIND	Balti
Backstrom-1992-210b-52	52	stone	857	STONE	Balti
Backstrom-1992-210b-53	53	path	2252	PATH	Balti
Backstrom-1992-210b-54	54	sand	671	SAND	Balti
Backstrom-1992-210b-55	55	fire	221	FIRE	Balti
Backstrom-1992-210b-56	56	smoke	778	SMOKE (EXHAUST)	Balti
Backstrom-1992-210b-57	57	ash	646	ASH	Balti
Backstrom-1992-210b-58	58	mud	640	MUD	Balti
Backstrom-1992-210b-59	59	dust	2	DUST	Balti
Backstrom-1992-210b-60	60	gold	1369	GOLD	Balti
Backstrom-1992-210b-61	61	tree	906	TREE	Balti
Backstrom-1992-210b-62	62	leaf	628	LEAF	Balti
Backstrom-1992-210b-63	63	root	670	ROOT	Balti
Backstrom-1992-210b-64	64	thorn	124	THORN	Balti
Backstrom-1992-210b-65	65	flower	239	FLOWER	Balti
Backstrom-1992-210b-66	66	fruit	1507	FRUIT	Balti
Backstrom-1992-210b-67	67	mango	2398	MANGO	Balti
Backstrom-1992-210b-69	68	wheat (husked)	1077	WHEAT	Balti
Backstrom-1992-210b-70	69	millet (husked)	931	MILLET	Balti
Backstrom-1992-210b-71	70	rice (husked)	926	RICE	Balti
Backstrom-1992-210b-72	71	potato	593	POTATO	Balti
Backstrom-1992-210b-73	72	eggplant	1146	AUBERGINE	Balti
Backstrom-1992-210b-75	73	chili	919	CHILI PEPPER	Balti
Backstrom-1992-210b-76	74	turmeric	2842	TURMERIC	Balti
Backstrom-1992-210b-77	75	garlic	2368	GARLIC	Balti
Backstrom-1992-210b-78	76	onion	2366	ONION	Balti
Backstrom-1992-210b-79	77	cauliflower	2843	CAULIFLOWER	Balti
Backstrom-1992-210b-80	78	tomato	986	TOMATO	Balti
Backstrom-1992-210b-81	79	cabbage	774	CABBAGE	Balti
Backstrom-1992-210b-82	80	oil	1484	OIL (ORGANIC SUBSTANCE)	Balti
Backstrom-1992-210b-83	81	salt	1274	SALT	Balti
Backstrom-1992-210b-84	82	meat	634	MEAT	Balti
Backstrom-1992-210b-85	83	fat	1282	FAT (FROM ANIMALS)	Balti
Backstrom-1992-210b-86	84	fish	227	FISH	Balti
Backstrom-1992-210b-87	85	chicken	1318	CHICKEN	Balti
Backstrom-1992-210b-88	86	egg	744	EGG	Balti
Backstrom-1992-210b-89	87	cow	1007	COW	Balti
Backstrom-1992-210b-91	88	milk	635	MILK	Balti
Backstrom-1992-210b-92	89	horns	1393	HORN (ANATOMY)	Balti
Backstrom-1992-210b-93	90	tail	1220	TAIL	Balti
Backstrom-1992-210b-94	91	female goat	2476	FEMALE GOAT	Balti
Backstrom-1992-210b-95	92	dog	2009	DOG	Balti
Backstrom-1992-210b-96	93	snake	730	SNAKE	Balti
Backstrom-1992-210b-97	94	monkey	1350	MONKEY	Balti
Backstrom-1992-210b-98	95	mosquito	1509	MOSQUITO	Balti
Backstrom-1992-210b-99	96	ant	587	ANT	Balti
Backstrom-1992-210b-100	97	spider	843	SPIDER	Balti
Backstrom-1992-210b-101	98	name	1405	NAME	Balti
Backstrom-1992-210b-102	99	man	1554	MAN	Balti
Backstrom-1992-210b-103	100	woman	962	WOMAN	Balti
Backstrom-1992-210b-104	101	child	2099	CHILD	Balti
Backstrom-1992-210b-105	102	father	1217	FATHER	Balti
Backstrom-1992-210b-106	103	mother	1216	MOTHER	Balti
Backstrom-1992-210b-107	104	older brother	1759	OLDER BROTHER	Balti
Backstrom-1992-210b-108	105	younger brother	1760	YOUNGER BROTHER	Balti
Backstrom-1992-210b-109	106	older sister	1758	OLDER SISTER	Balti
Backstrom-1992-210b-110	107	younger sister	1761	YOUNGER SISTER	Balti
Backstrom-1992-210b-111	108	son	1620	SON	Balti
Backstrom-1992-210b-112	109	daughter	1357	DAUGHTER	Balti
Backstrom-1992-210b-113	110	husband	1200	HUSBAND	Balti
Backstrom-1992-210b-114	111	wife	1199	WIFE	Balti
Backstrom-1992-210b-115	112	boy	1366	BOY	Balti
Backstrom-1992-210b-116	113	girl	1646	GIRL	Balti
Backstrom-1992-210b-117	114	day	1225	DAY (NOT NIGHT)	Balti
Backstrom-1992-210b-118	115	night	1233	NIGHT	Balti
Backstrom-1992-210b-119	116	morning	1339	MORNING	Balti
Backstrom-1992-210b-120	117	noon	12	MIDDAY	Balti
Backstrom-1992-210b-121	118	afternoon (late)	1807	AFTERNOON	Balti
Backstrom-1992-210b-122	119	yesterday	1174	YESTERDAY	Balti
Backstrom-1992-210b-123	120	today	1283	TODAY	Balti
Backstrom-1992-210b-124	121	tomorrow	1329	TOMORROW	Balti
Backstrom-1992-210b-125	122	week	1469	WEEK	Balti
Backstrom-1992-210b-126	123	month	1370	MONTH	Balti
Backstrom-1992-210b-127	124	year	1226	YEAR	Balti
Backstrom-1992-210b-128	125	old	1229	OLD	Balti
Backstrom-1992-210b-129	126	new	1231	NEW	Balti
Backstrom-1992-210b-130	127	good	1035	GOOD	Balti
Backstrom-1992-210b-131	128	bad	1292	BAD	Balti
Backstrom-1992-210b-132	129	wet	1726	WET	Balti
Backstrom-1992-210b-133	130	dry	1398	DRY	Balti
Backstrom-1992-210b-134	131	long	1203	LONG	Balti
Backstrom-1992-210b-135	132	short	1645	SHORT	Balti
Backstrom-1992-210b-136	133	hot	1286	HOT	Balti
Backstrom-1992-210b-137	134	cold	1287	COLD	Balti
Backstrom-1992-210b-138	135	right	1019	RIGHT	Balti
Backstrom-1992-210b-139	136	left	244	LEFT	Balti
Backstrom-1992-210b-140	137	near	1942	NEAR	Balti
Backstrom-1992-210b-141	138	far	1406	FAR	Balti
Backstrom-1992-210b-142	139	big	1202	BIG	Balti
Backstrom-1992-210b-143	140	small	1246	SMALL	Balti
Backstrom-1992-210b-144	141	heavy	1210	HEAVY	Balti
Backstrom-1992-210b-145	142	light	1052	LIGHT (WEIGHT)	Balti
Backstrom-1992-210b-146	143	above	1741	ABOVE	Balti
Backstrom-1992-210b-147	144	below	1485	BELOW OR UNDER	Balti
Backstrom-1992-210b-148	145	white	1335	WHITE	Balti
Backstrom-1992-210b-149	146	black	163	BLACK	Balti
Backstrom-1992-210b-150	147	red	156	RED	Balti
Backstrom-1992-210b-151	148	one	1493	ONE	Balti
Backstrom-1992-210b-152	149	two	1498	TWO	Balti
Backstrom-1992-210b-153	150	three	492	THREE	Balti
Backstrom-1992-210b-154	151	four	1500	FOUR	Balti
Backstrom-1992-210b-155	152	five	493	FIVE	Balti
Backstrom-1992-210b-156	153	six	1703	SIX	Balti
Backstrom-1992-210b-157	154	seven	1704	SEVEN	Balti
Backstrom-1992-210b-158	155	eight	1705	EIGHT	Balti
Backstrom-1992-210b-159	156	nine	1483	NINE	Balti
Backstrom-1992-210b-160	157	ten	1515	TEN	Balti
Backstrom-1992-210b-161	158	eleven	1706	ELEVEN	Balti
Backstrom-1992-210b-162	159	twelve	1707	TWELVE	Balti
Backstrom-1992-210b-163	160	twenty	1710	TWENTY	Balti
Backstrom-1992-210b-164	161	one-hundred	1634	HUNDRED	Balti
Backstrom-1992-210b-165	162	who	1235	WHO	Balti
Backstrom-1992-210b-166	163	what	1236	WHAT	Balti
Backstrom-1992-210b-167	164	where	1237	WHERE	Balti
Backstrom-1992-210b-168	165	when	1238	WHEN	Balti
Backstrom-1992-210b-169	166	how many	822	HOW MANY	Balti
Backstrom-1992-210b-170	167	which	727	WHICH	Balti
Backstrom-1992-210b-171	168	this	1214	THIS	Balti
Backstrom-1992-210b-172	169	that	78	THAT	Balti
Backstrom-1992-210b-173	170	these	1214	THIS	Balti
Backstrom-1992-210b-174	171	those	78	THAT	Balti
Backstrom-1992-210b-175	172	same	200	SAME	Balti
Backstrom-1992-210b-176	173	different	2504	DIFFERENT	Balti
Backstrom-1992-210b-178	174	broken	588	BROKEN	Balti
Backstrom-1992-210b-180	175	many	1198	MANY	Balti
Backstrom-1992-210b-181	176	all	98	ALL	Balti
Backstrom-1992-210b-182	177	(he) ate	1336	EAT	Balti
Backstrom-1992-210b-183	178	(the dog) bit	1403	BITE	Balti
Backstrom-1992-210b-184	179	(he was) hungry	1533	BE HUNGRY	Balti
Backstrom-1992-210b-185	180	(he) drank	1401	DRINK	Balti
Backstrom-1992-210b-186	181	(he was) thirsty	847	THIRSTY	Balti
Backstrom-1992-210b-187	182	(he) slept	1585	SLEEP	Balti
Backstrom-1992-210b-188	183	(he) lay down	1411	LIE (REST)	Balti
Backstrom-1992-210b-189	184	(he) sat down	1416	SIT	Balti
Backstrom-1992-210b-190	185	(he gave)	1447	GIVE	Balti
Backstrom-1992-210b-191	186	(he) burned (trans.)	141	BURN (SOMETHING)	Balti
Backstrom-1992-210b-192	187	(he) died	1494	DIE	Balti
Backstrom-1992-210b-193	188	(he) killed	1417	KILL	Balti
Backstrom-1992-210b-194	189	(the bird) flew	1441	FLY (MOVE THROUGH AIR)	Balti
Backstrom-1992-210b-195	190	(he) walked	1443	WALK	Balti
Backstrom-1992-210b-196	191	(he) ran	1519	RUN	Balti
Backstrom-1992-210b-197	192	(he) went	695	GO	Balti
Backstrom-1992-210b-198	193	(he) came	1446	COME	Balti
Backstrom-1992-210b-199	194	(he) spoke	1623	SPEAK	Balti
Backstrom-1992-210b-200	195	(he) heard	1408	HEAR	Balti
Backstrom-1992-210b-201	196	(he) saw	1819	LOOK	Balti
Backstrom-1992-210b-202	197	I	1209	I	Balti
Backstrom-1992-210b-203	198	you (informal)	1215	THOU	Balti
Backstrom-1992-210b-204	199	you (formal)	2844	YOU (FORMAL ADDRESS)	Balti
Backstrom-1992-210b-205	200	he	1211	HE	Balti
Backstrom-1992-210b-206	201	she	1834	SHE	Balti
Backstrom-1992-210b-207	202	we (inclusive)	1131	WE (INCLUSIVE)	Balti
Backstrom-1992-210b-208	203	we (exclusive)	1130	WE (EXCLUSIVE)	Balti
Backstrom-1992-210b-209	204	you (plural)	1213	YOU	Balti
Backstrom-1992-210b-210	205	they	817	THEY	Balti
Backstrom-1992-210c-1	1	body (1st sing. m.)	1480	BODY	Burushaski
Backstrom-1992-210c-2	2	head	1256	HEAD	Burushaski
Backstrom-1992-210c-3	3	hair	1040	HAIR	Burushaski
Backstrom-1992-210c-4	4	face	1560	FACE	Burushaski
Backstrom-1992-210c-5	5	eye	1248	EYE	Burushaski
Backstrom-1992-210c-6	6	ear	1247	EAR	Burushaski
Backstrom-1992-210c-7	7	nose	1221	NOSE	Burushaski
Backstrom-1992-210c-8	8	mouth	674	MOUTH	Burushaski
Backstrom-1992-210c-9	9	tooth	1380	TOOTH	Burushaski
Backstrom-1992-210c-10	10	tongue	1205	TONGUE	Burushaski
Backstrom-1992-210c-11	11	chest	1592	CHEST	Burushaski
Backstrom-1992-210c-12	12	belly	1251	BELLY	Burushaski
Backstrom-1992-210c-13	13	arm	1673	ARM	Burushaski
Backstrom-1992-210c-14	14	elbow	981	ELBOW	Burushaski
Backstrom-1992-210c-15	15	palm of hand	1183	PALM OF HAND	Burushaski
Backstrom-1992-210c-16	16	finger	1303	FINGER	Burushaski
Backstrom-1992-210c-17	17	fingernail	1258	FINGERNAIL	Burushaski
Backstrom-1992-210c-18	18	leg	1297	LEG	Burushaski
Backstrom-1992-210c-19	19	skin	763	SKIN	Burushaski
Backstrom-1992-210c-20	20	bone	1394	BONE	Burushaski
Backstrom-1992-210c-21	21	heart	1223	HEART	Burushaski
Backstrom-1992-210c-22	22	blood	946	BLOOD	Burushaski
Backstrom-1992-210c-23	23	urine	1142	URINE	Burushaski
Backstrom-1992-210c-24	24	feces	675	FAECES (EXCREMENT)	Burushaski
Backstrom-1992-210c-25	25	village	930	VILLAGE	Burushaski
Backstrom-1992-210c-26	26	house	1252	HOUSE	Burushaski
Backstrom-1992-210c-27	27	roof	769	ROOF	Burushaski
Backstrom-1992-210c-28	28	door	1567	DOOR	Burushaski
Backstrom-1992-210c-29	29	firewood	10	FIREWOOD	Burushaski
Backstrom-1992-210c-30	30	broom	245	BROOM	Burushaski
Backstrom-1992-210c-31	31	mortar (bowl)	224	MORTAR CRUSHER	Burushaski
Backstrom-1992-210c-32	32	pestle	225	PESTLE	Burushaski
Backstrom-1992-210c-33	33	hammer	1481	HAMMER	Burushaski
Backstrom-1992-210c-34	34	knife / pocketknife	1352	KNIFE	Burushaski
Backstrom-1992-210c-35	35	axe	677	AXE	Burushaski
Backstrom-1992-210c-36	36	rope	1218	ROPE	Burushaski
Backstrom-1992-210c-37	37	thread	1161	THREAD	Burushaski
Backstrom-1992-210c-38	38	needle	1382	NEEDLE (FOR SEWING)	Burushaski
Backstrom-1992-210c-39	39	cloth	1616	CLOTH	Burushaski
Backstrom-1992-210c-40	40	ring	1374	RING	Burushaski
Backstrom-1992-210c-41	41	sun	1343	SUN	Burushaski
Backstrom-1992-210c-42	42	moon	1313	MOON	Burushaski
Backstrom-1992-210c-43	43	sky	1732	SKY	Burushaski
Backstrom-1992-210c-44	44	star	1430	STAR	Burushaski
Backstrom-1992-210c-45	45	rain	658	RAIN (PRECIPITATION)	Burushaski
Backstrom-1992-210c-46	46	water	948	WATER	Burushaski
Backstrom-1992-210c-47	47	river	666	RIVER	Burushaski
Backstrom-1992-210c-48	48	cloud	1489	CLOUD	Burushaski
Backstrom-1992-210c-49	49	lightning	1654	LIGHTNING	Burushaski
Backstrom-1992-210c-50	50	rainbow	1733	RAINBOW	Burushaski
Backstrom-1992-210c-51	51	wind	960	WIND	Burushaski
Backstrom-1992-210c-52	52	stone	857	STONE	Burushaski
Backstrom-1992-210c-53	53	path	2252	PATH	Burushaski
Backstrom-1992-210c-54	54	sand	671	SAND	Burushaski
Backstrom-1992-210c-55	55	fire	221	FIRE	Burushaski
Backstrom-1992-210c-56	56	smoke	778	SMOKE (EXHAUST)	Burushaski
Backstrom-1992-210c-57	57	ash	646	ASH	Burushaski
Backstrom-1992-210c-58	58	mud	640	MUD	Burushaski
Backstrom-1992-210c-59	59	dust	2	DUST	Burushaski
Backstrom-1992-210c-60	60	gold	1369	GOLD	Burushaski
Backstrom-1992-210c-61	61	tree	906	TREE	Burushaski
Backstrom-1992-210c-62	62	leaf	628	LEAF	Burushaski
Backstrom-1992-210c-63	63	root	670	ROOT	Burushaski
Backstrom-1992-210c-64	64	thorn	124	THORN	Burushaski
Backstrom-1992-210c-65	65	flower	239	FLOWER	Burushaski
Backstrom-1992-210c-66	66	fruit	1507	FRUIT	Burushaski
Backstrom-1992-210c-67	67	mango	2398	MANGO	Burushaski
Backstrom-1992-210c-68	68	banana	868	BANANA	Burushaski
Backstrom-1992-210c-69	69	wheat	1077	WHEAT	Burushaski
Backstrom-1992-210c-70	70	millet	931	MILLET	Burushaski
Backstrom-1992-210c-71	71	rice	926	RICE	Burushaski
Backstrom-1992-210c-72	72	potato	593	POTATO	Burushaski
Backstrom-1992-210c-73	73	eggplant	1146	AUBERGINE	Burushaski
Backstrom-1992-210c-74	74	groundnut	2364	PEANUT	Burushaski
Backstrom-1992-210c-75	75	chili	919	CHILI PEPPER	Burushaski
Backstrom-1992-210c-76	76	turmeric	2842	TURMERIC	Burushaski
Backstrom-1992-210c-77	77	garlic	2368	GARLIC	Burushaski
Backstrom-1992-210c-78	78	onion	2366	ONION	Burushaski
Backstrom-1992-210c-79	79	cauliflower	2843	CAULIFLOWER	Burushaski
Backstrom-1992-210c-80	80	tomato	986	TOMATO	Burushaski
Backstrom-1992-210c-81	81	cabbage	774	CABBAGE	Burushaski
Backstrom-1992-210c-82	82	oil (cooking)	1484	OIL (ORGANIC SUBSTANCE)	Burushaski
Backstrom-1992-210c-83	83	salt	1274	SALT	Burushaski
Backstrom-1992-210c-84	84	meat	634	MEAT	Burushaski
Backstrom-1992-210c-85	85	fat (part of meat)	1282	FAT (FROM ANIMALS)	Burushaski
Backstrom-1992-210c-86	86	fish	227	FISH	Burushaski
Backstrom-1992-210c-87	87	chicken (hen)	1514	HEN	Burushaski
Backstrom-1992-210c-88	88	one egg	744	EGG	Burushaski
Backstrom-1992-210c-89	89	cow	1007	COW	Burushaski
Backstrom-1992-210c-90	90	buffalo	934	BUFFALO	Burushaski
Backstrom-1992-210c-91	91	milk	635	MILK	Burushaski
Backstrom-1992-210c-92	92	horn	1393	HORN (ANATOMY)	Burushaski
Backstrom-1992-210c-93	93	tail	1220	TAIL	Burushaski
Backstrom-1992-210c-94	94	goat	1502	GOAT	Burushaski
Backstrom-1992-210c-95	95	dog	2009	DOG	Burushaski
Backstrom-1992-210c-96	96	snake	730	SNAKE	Burushaski
Backstrom-1992-210c-97	97	monkey	1350	MONKEY	Burushaski
Backstrom-1992-210c-98	98	mosquito	1509	MOSQUITO	Burushaski
Backstrom-1992-210c-99	99	ant	587	ANT	Burushaski
Backstrom-1992-210c-100	100	spider	843	SPIDER	Burushaski
Backstrom-1992-210c-101	101	name	1405	NAME	Burushaski
Backstrom-1992-210c-102	102	man	1554	MAN	Burushaski
Backstrom-1992-210c-103	103	woman	962	WOMAN	Burushaski
Backstrom-1992-210c-104	104	child	2099	CHILD	Burushaski
Backstrom-1992-210c-105	105	father	1217	FATHER	Burushaski
Backstrom-1992-210c-106	106	mother	1216	MOTHER	Burushaski
Backstrom-1992-210c-107	107	older brother	1759	OLDER BROTHER	Burushaski
Backstrom-1992-210c-108	108	younger brother	1760	YOUNGER BROTHER	Burushaski
Backstrom-1992-210c-109	109	older sister	1758	OLDER SISTER	Burushaski
Backstrom-1992-210c-111	110	son	1620	SON	Burushaski
Backstrom-1992-210c-112	111	daughter	1357	DAUGHTER	Burushaski
Backstrom-1992-210c-113	112	husband	1200	HUSBAND	Burushaski
Backstrom-1992-210c-114	113	wife	1199	WIFE	Burushaski
Backstrom-1992-210c-115	114	boy	1366	BOY	Burushaski
Backstrom-1992-210c-116	115	girl	1646	GIRL	Burushaski
Backstrom-1992-210c-117	116	day	1225	DAY (NOT NIGHT)	Burushaski
Backstrom-1992-210c-118	117	night	1233	NIGHT	Burushaski
Backstrom-1992-210c-119	118	morning	1339	MORNING	Burushaski
Backstrom-1992-210c-120	119	noon	12	MIDDAY	Burushaski
Backstrom-1992-210c-121	120	evening	1629	EVENING	Burushaski
Backstrom-1992-210c-122	121	yesterday	1174	YESTERDAY	Burushaski
Backstrom-1992-210c-123	122	today	1283	TODAY	Burushaski
Backstrom-1992-210c-124	123	tomorrow	1329	TOMORROW	Burushaski
Backstrom-1992-210c-125	124	week	1469	WEEK	Burushaski
Backstrom-1992-210c-126	125	month	1370	MONTH	Burushaski
Backstrom-1992-210c-127	126	year	1226	YEAR	Burushaski
Backstrom-1992-210c-128	127	old (thing)	2113	OLD (USED)	Burushaski
Backstrom-1992-210c-129	128	new	1231	NEW	Burushaski
Backstrom-1992-210c-130	129	good	1035	GOOD	Burushaski
Backstrom-1992-210c-131	130	bad	1292	BAD	Burushaski
Backstrom-1992-210c-132	131	wet	1726	WET	Burushaski
Backstrom-1992-210c-133	132	dry	1398	DRY	Burushaski
Backstrom-1992-210c-134	133	long (horizontal)	1203	LONG	Burushaski
Backstrom-1992-210c-135	134	short	1645	SHORT	Burushaski
Backstrom-1992-210c-136	135	hot	1286	HOT	Burushaski
Backstrom-1992-210c-137	136	cold	1287	COLD	Burushaski
Backstrom-1992-210c-138	137	right	1019	RIGHT	Burushaski
Backstrom-1992-210c-139	138	left	244	LEFT	Burushaski
Backstrom-1992-210c-140	139	near	1942	NEAR	Burushaski
Backstrom-1992-210c-141	140	far	1406	FAR	Burushaski
Backstrom-1992-210c-142	141	big	1202	BIG	Burushaski
Backstrom-1992-210c-143	142	small	1246	SMALL	Burushaski
Backstrom-1992-210c-144	143	heavy	1210	HEAVY	Burushaski
Backstrom-1992-210c-145	144	light	1052	LIGHT (WEIGHT)	Burushaski
Backstrom-1992-210c-146	145	above	1741	ABOVE	Burushaski
Backstrom-1992-210c-147	146	below	1485	BELOW OR UNDER	Burushaski
Backstrom-1992-210c-148	147	white	1335	WHITE	Burushaski
Backstrom-1992-210c-149	148	black	163	BLACK	Burushaski
Backstrom-1992-210c-150	149	red	156	RED	Burushaski
Backstrom-1992-210c-151	150	one	1493	ONE	Burushaski
Backstrom-1992-210c-152	151	two	1498	TWO	Burushaski
Backstrom-1992-210c-153	152	three	492	THREE	Burushaski
Backstrom-1992-210c-154	153	four	1500	FOUR	Burushaski
Backstrom-1992-210c-155	154	five	493	FIVE	Burushaski
Backstrom-1992-210c-156	155	six	1703	SIX	Burushaski
Backstrom-1992-210c-157	156	seven	1704	SEVEN	Burushaski
Backstrom-1992-210c-158	157	eight	1705	EIGHT	Burushaski
Backstrom-1992-210c-159	158	nine	1483	NINE	Burushaski
Backstrom-1992-210c-160	159	ten	1515	TEN	Burushaski
Backstrom-1992-210c-161	160	eleven	1706	ELEVEN	Burushaski
Backstrom-1992-210c-162	161	twelve	1707	TWELVE	Burushaski
Backstrom-1992-210c-163	162	twenty	1710	TWENTY	Burushaski
Backstrom-1992-210c-164	163	one hundred	1634	HUNDRED	Burushaski
Backstrom-1992-210c-165	164	who	1235	WHO	Burushaski
Backstrom-1992-210c-166	165	what	1236	WHAT	Burushaski
Backstrom-1992-210c-167	166	where	1237	WHERE	Burushaski
Backstrom-1992-210c-168	167	when	1238	WHEN	Burushaski
Backstrom-1992-210c-169	168	how much	531	HOW MUCH	Burushaski
Backstrom-1992-210c-170	169	which	727	WHICH	Burushaski
Backstrom-1992-210c-171	170	this	1214	THIS	Burushaski
Backstrom-1992-210c-172	171	that	78	THAT	Burushaski
Backstrom-1992-210c-173	172	these	1214	THIS	Burushaski
Backstrom-1992-210c-174	173	those	78	THAT	Burushaski
Backstrom-1992-210c-176	174	different	2504	DIFFERENT	Burushaski
Backstrom-1992-210c-177	175	whole (unbroken)	2277	WHOLE	Burushaski
Backstrom-1992-210c-179	176	few	1242	FEW	Burushaski
Backstrom-1992-210c-180	177	many	1198	MANY	Burushaski
Backstrom-1992-210c-181	178	all	98	ALL	Burushaski
Backstrom-1992-210c-182	179	eat!	1336	EAT	Burushaski
Backstrom-1992-210c-183	180	(the dog) bites	1403	BITE	Burushaski
Backstrom-1992-210c-184	181	(you) are hungry	1533	BE HUNGRY	Burushaski
Backstrom-1992-210c-185	182	drink!	1401	DRINK	Burushaski
Backstrom-1992-210c-186	183	(you are) thirsty	847	THIRSTY	Burushaski
Backstrom-1992-210c-187	184	sleep!	1585	SLEEP	Burushaski
Backstrom-1992-210c-188	185	lay down!	2071	LAY (VERB)	Burushaski
Backstrom-1992-210c-189	186	sit!	1416	SIT	Burushaski
Backstrom-1992-210c-190	187	give!	1447	GIVE	Burushaski
Backstrom-1992-210c-191	188	burn! (trans.)	141	BURN (SOMETHING)	Burushaski
Backstrom-1992-210c-192	189	(he) died	1494	DIE	Burushaski
Backstrom-1992-210c-193	190	beat!	1665	BEAT	Burushaski
Backstrom-1992-210c-194	191	(the bird) flies	1441	FLY (MOVE THROUGH AIR)	Burushaski
Backstrom-1992-210c-195	192	walk!	1443	WALK	Burushaski
Backstrom-1992-210c-196	193	run!	1519	RUN	Burushaski
Backstrom-1992-210c-197	194	go!	695	GO	Burushaski
Backstrom-1992-210c-198	195	come!	1446	COME	Burushaski
Backstrom-1992-210c-199	196	speak!	1623	SPEAK	Burushaski
Backstrom-1992-210c-200	197	listen! / hear!	1408	HEAR	Burushaski
Backstrom-1992-210c-201	198	look!	1819	LOOK	Burushaski
Backstrom-1992-210c-202	199	I	1209	I	Burushaski
Backstrom-1992-210c-203	200	you	1215	THOU	Burushaski
Backstrom-1992-210c-205	201	he	1211	HE	Burushaski
Backstrom-1992-210c-206	202	she	1834	SHE	Burushaski
Backstrom-1992-210c-207	203	we	1212	WE	Burushaski
Backstrom-1992-210c-209	204	you (plural)	1213	YOU	Burushaski
Backstrom-1992-210c-210	205	they	817	THEY	Burushaski
Backstrom-1992-210d-1	1	body	1480	BODY	Wakhi
Backstrom-1992-210d-2	2	head	1256	HEAD	Wakhi
Backstrom-1992-210d-3	3	hair	1040	HAIR	Wakhi
Backstrom-1992-210d-4	4	face	1560	FACE	Wakhi
Backstrom-1992-210d-5	5	one eye	1248	EYE	Wakhi
Backstrom-1992-210d-6	6	one ear	1247	EAR	Wakhi
Backstrom-1992-210d-7	7	nose	1221	NOSE	Wakhi
Backstrom-1992-210d-8	8	mouth	674	MOUTH	Wakhi
Backstrom-1992-210d-9	9	one tooth	1380	TOOTH	Wakhi
Backstrom-1992-210d-10	10	tongue	1205	TONGUE	Wakhi
Backstrom-1992-210d-11	11	breast	1402	BREAST	Wakhi
Backstrom-1992-210d-12	12	belly	1251	BELLY	Wakhi
Backstrom-1992-210d-13	13	arm	1673	ARM	Wakhi
Backstrom-1992-210d-14	14	elbow	981	ELBOW	Wakhi
Backstrom-1992-210d-15	15	palm of hand	1183	PALM OF HAND	Wakhi
Backstrom-1992-210d-16	16	finger	1303	FINGER	Wakhi
Backstrom-1992-210d-17	17	fingernail	1258	FINGERNAIL	Wakhi
Backstrom-1992-210d-18	18	leg	1297	LEG	Wakhi
Backstrom-1992-210d-19	19	skin	763	SKIN	Wakhi
Backstrom-1992-210d-20	20	bone	1394	BONE	Wakhi
Backstrom-1992-210d-21	21	heart	1223	HEART	Wakhi
Backstrom-1992-210d-22	22	blood	946	BLOOD	Wakhi
Backstrom-1992-210d-23	23	urine	1142	URINE	Wakhi
Backstrom-1992-210d-24	24	feces	675	FAECES (EXCREMENT)	Wakhi
Backstrom-1992-210d-25	25	village	930	VILLAGE	Wakhi
Backstrom-1992-210d-26	26	house	1252	HOUSE	Wakhi
Backstrom-1992-210d-27	27	roof	769	ROOF	Wakhi
Backstrom-1992-210d-28	28	door	1567	DOOR	Wakhi
Backstrom-1992-210d-29	29	firewood	10	FIREWOOD	Wakhi
Backstrom-1992-210d-30	30	broom	245	BROOM	Wakhi
Backstrom-1992-210d-31	31	butter churn			Wakhi
Backstrom-1992-210d-32	32	agitator / pestle	225	PESTLE	Wakhi
Backstrom-1992-210d-33	33	hammer	1481	HAMMER	Wakhi
Backstrom-1992-210d-34	34	knife	1352	KNIFE	Wakhi
Backstrom-1992-210d-35	35	axe	677	AXE	Wakhi
Backstrom-1992-210d-36	36	rope	1218	ROPE	Wakhi
Backstrom-1992-210d-37	37	thread	1161	THREAD	Wakhi
Backstrom-1992-210d-38	38	needle	1382	NEEDLE (FOR SEWING)	Wakhi
Backstrom-1992-210d-39	39	cloth	1616	CLOTH	Wakhi
Backstrom-1992-210d-40	40	ring	1374	RING	Wakhi
Backstrom-1992-210d-41	41	sun	1343	SUN	Wakhi
Backstrom-1992-210d-42	42	moon	1313	MOON	Wakhi
Backstrom-1992-210d-43	43	sky	1732	SKY	Wakhi
Backstrom-1992-210d-44	44	one star	1430	STAR	Wakhi
Backstrom-1992-210d-45	45	rain	658	RAIN (PRECIPITATION)	Wakhi
Backstrom-1992-210d-46	46	water	948	WATER	Wakhi
Backstrom-1992-210d-47	47	river	666	RIVER	Wakhi
Backstrom-1992-210d-48	48	cloud	1489	CLOUD	Wakhi
Backstrom-1992-210d-49	49	lightning	1654	LIGHTNING	Wakhi
Backstrom-1992-210d-50	50	rainbow	1733	RAINBOW	Wakhi
Backstrom-1992-210d-51	51	wind	960	WIND	Wakhi
Backstrom-1992-210d-52	52	stone	857	STONE	Wakhi
Backstrom-1992-210d-53	53	path	2252	PATH	Wakhi
Backstrom-1992-210d-54	54	sand	671	SAND	Wakhi
Backstrom-1992-210d-55	55	fire	221	FIRE	Wakhi
Backstrom-1992-210d-56	56	smoke	778	SMOKE (EXHAUST)	Wakhi
Backstrom-1992-210d-57	57	ash	646	ASH	Wakhi
Backstrom-1992-210d-58	58	mud	640	MUD	Wakhi
Backstrom-1992-210d-59	59	dust	2	DUST	Wakhi
Backstrom-1992-210d-60	60	gold	1369	GOLD	Wakhi
Backstrom-1992-210d-61	61	tree	906	TREE	Wakhi
Backstrom-1992-210d-62	62	leaf	628	LEAF	Wakhi
Backstrom-1992-210d-63	63	root	670	ROOT	Wakhi
Backstrom-1992-210d-64	64	thorn	124	THORN	Wakhi
Backstrom-1992-210d-65	65	flower	239	FLOWER	Wakhi
Backstrom-1992-210d-66	66	fruit	1507	FRUIT	Wakhi
Backstrom-1992-210d-69	67	wheat	1077	WHEAT	Wakhi
Backstrom-1992-210d-71	68	rice	926	RICE	Wakhi
Backstrom-1992-210d-72	69	potato	593	POTATO	Wakhi
Backstrom-1992-210d-75	70	chili	919	CHILI PEPPER	Wakhi
Backstrom-1992-210d-76	71	turmeric	2842	TURMERIC	Wakhi
Backstrom-1992-210d-77	72	garlic	2368	GARLIC	Wakhi
Backstrom-1992-210d-78	73	onion	2366	ONION	Wakhi
Backstrom-1992-210d-79	74	cauliflower	2843	CAULIFLOWER	Wakhi
Backstrom-1992-210d-80	75	tomato	986	TOMATO	Wakhi
Backstrom-1992-210d-81	76	cabbage	774	CABBAGE	Wakhi
Backstrom-1992-210d-82	77	oil (for cooking)	1484	OIL (ORGANIC SUBSTANCE)	Wakhi
Backstrom-1992-210d-83	78	salt	1274	SALT	Wakhi
Backstrom-1992-210d-84	79	meat (for eating)	634	MEAT	Wakhi
Backstrom-1992-210d-85	80	fat (part of meat)	1282	FAT (FROM ANIMALS)	Wakhi
Backstrom-1992-210d-86	81	fish	227	FISH	Wakhi
Backstrom-1992-210d-87	82	chicken (hen)	1514	HEN	Wakhi
Backstrom-1992-210d-88	83	one egg	744	EGG	Wakhi
Backstrom-1992-210d-89	84	cow	1007	COW	Wakhi
Backstrom-1992-210d-90	85	buffalo	934	BUFFALO	Wakhi
Backstrom-1992-210d-91	86	milk	635	MILK	Wakhi
Backstrom-1992-210d-92	87	horn	1393	HORN (ANATOMY)	Wakhi
Backstrom-1992-210d-93	88	tail	1220	TAIL	Wakhi
Backstrom-1992-210d-94	89	goat	1502	GOAT	Wakhi
Backstrom-1992-210d-95	90	dog	2009	DOG	Wakhi
Backstrom-1992-210d-96	91	snake	730	SNAKE	Wakhi
Backstrom-1992-210d-97	92	monkey	1350	MONKEY	Wakhi
Backstrom-1992-210d-98	93	mosquito	1509	MOSQUITO	Wakhi
Backstrom-1992-210d-99	94	ant	587	ANT	Wakhi
Backstrom-1992-210d-100	95	spider	843	SPIDER	Wakhi
Backstrom-1992-210d-101	96	name	1405	NAME	Wakhi
Backstrom-1992-210d-102	97	man	1554	MAN	Wakhi
Backstrom-1992-210d-103	98	woman	962	WOMAN	Wakhi
Backstrom-1992-210d-104	99	child	2099	CHILD	Wakhi
Backstrom-1992-210d-105	100	father	1217	FATHER	Wakhi
Backstrom-1992-210d-106	101	mother	1216	MOTHER	Wakhi
Backstrom-1992-210d-107	102	older brother	1759	OLDER BROTHER	Wakhi
Backstrom-1992-210d-108	103	younger brother	1760	YOUNGER BROTHER	Wakhi
Backstrom-1992-210d-109	104	older sister	1758	OLDER SISTER	Wakhi
Backstrom-1992-210d-110	105	younger sister	1761	YOUNGER SISTER	Wakhi
Backstrom-1992-210d-111	106	son	1620	SON	Wakhi
Backstrom-1992-210d-112	107	daughter	1357	DAUGHTER	Wakhi
Backstrom-1992-210d-113	108	husband	1200	HUSBAND	Wakhi
Backstrom-1992-210d-114	109	wife	1199	WIFE	Wakhi
Backstrom-1992-210d-115	110	boy	1366	BOY	Wakhi
Backstrom-1992-210d-116	111	girl	1646	GIRL	Wakhi
Backstrom-1992-210d-117	112	day	1225	DAY (NOT NIGHT)	Wakhi
Backstrom-1992-210d-118	113	night	1233	NIGHT	Wakhi
Backstrom-1992-210d-119	114	morning	1339	MORNING	Wakhi
Backstrom-1992-210d-120	115	noon	12	MIDDAY	Wakhi
Backstrom-1992-210d-121	116	evening	1629	EVENING	Wakhi
Backstrom-1992-210d-122	117	yesterday	1174	YESTERDAY	Wakhi
Backstrom-1992-210d-123	118	today	1283	TODAY	Wakhi
Backstrom-1992-210d-124	119	tomorrow	1329	TOMORROW	Wakhi
Backstrom-1992-210d-125	120	week	1469	WEEK	Wakhi
Backstrom-1992-210d-126	121	month	1370	MONTH	Wakhi
Backstrom-1992-210d-127	122	year	1226	YEAR	Wakhi
Backstrom-1992-210d-128	123	old (thing)	2113	OLD (USED)	Wakhi
Backstrom-1992-210d-129	124	new	1231	NEW	Wakhi
Backstrom-1992-210d-130	125	good	1035	GOOD	Wakhi
Backstrom-1992-210d-131	126	bad	1292	BAD	Wakhi
Backstrom-1992-210d-132	127	wet	1726	WET	Wakhi
Backstrom-1992-210d-133	128	dry	1398	DRY	Wakhi
Backstrom-1992-210d-134	129	long	1203	LONG	Wakhi
Backstrom-1992-210d-135	130	short	1645	SHORT	Wakhi
Backstrom-1992-210d-136	131	hot	1286	HOT	Wakhi
Backstrom-1992-210d-137	132	cold	1287	COLD	Wakhi
Backstrom-1992-210d-138	133	right	1019	RIGHT	Wakhi
Backstrom-1992-210d-139	134	left	244	LEFT	Wakhi
Backstrom-1992-210d-140	135	near	1942	NEAR	Wakhi
Backstrom-1992-210d-141	136	far	1406	FAR	Wakhi
Backstrom-1992-210d-142	137	big	1202	BIG	Wakhi
Backstrom-1992-210d-143	138	small	1246	SMALL	Wakhi
Backstrom-1992-210d-144	139	heavy	1210	HEAVY	Wakhi
Backstrom-1992-210d-145	140	light	1052	LIGHT (WEIGHT)	Wakhi
Backstrom-1992-210d-146	141	above	1741	ABOVE	Wakhi
Backstrom-1992-210d-147	142	below	1485	BELOW OR UNDER	Wakhi
Backstrom-1992-210d-148	143	white	1335	WHITE	Wakhi
Backstrom-1992-210d-149	144	black	163	BLACK	Wakhi
Backstrom-1992-210d-150	145	red	156	RED	Wakhi
Backstrom-1992-210d-151	146	one	1493	ONE	Wakhi
Backstrom-1992-210d-152	147	two	1498	TWO	Wakhi
Backstrom-1992-210d-153	148	three	492	THREE	Wakhi
Backstrom-1992-210d-154	149	four	1500	FOUR	Wakhi
Backstrom-1992-210d-155	150	five	493	FIVE	Wakhi
Backstrom-1992-210d-156	151	six	1703	SIX	Wakhi
Backstrom-1992-210d-157	152	seven	1704	SEVEN	Wakhi
Backstrom-1992-210d-158	153	eight	1705	EIGHT	Wakhi
Backstrom-1992-210d-159	154	nine	1483	NINE	Wakhi
Backstrom-1992-210d-160	155	ten	1515	TEN	Wakhi
Backstrom-1992-210d-161	156	eleven	1706	ELEVEN	Wakhi
Backstrom-1992-210d-162	157	twelve	1707	TWELVE	Wakhi
Backstrom-1992-210d-163	158	twenty	1710	TWENTY	Wakhi
Backstrom-1992-210d-164	159	one hundred	1634	HUNDRED	Wakhi
Backstrom-1992-210d-165	160	who	1235	WHO	Wakhi
Backstrom-1992-210d-166	161	what	1236	WHAT	Wakhi
Backstrom-1992-210d-167	162	where	1237	WHERE	Wakhi
Backstrom-1992-210d-168	163	when	1238	WHEN	Wakhi
Backstrom-1992-210d-169	164	how many	822	HOW MANY	Wakhi
Backstrom-1992-210d-170	165	which	727	WHICH	Wakhi
Backstrom-1992-210d-171	166	this	1214	THIS	Wakhi
Backstrom-1992-210d-172	167	that	78	THAT	Wakhi
Backstrom-1992-210d-173	168	these	1214	THIS	Wakhi
Backstrom-1992-210d-174	169	those	78	THAT	Wakhi
Backstrom-1992-210d-176	170	different	2504	DIFFERENT	Wakhi
Backstrom-1992-210d-177	171	whole (not broken)	2277	WHOLE	Wakhi
Backstrom-1992-210d-178	172	broken	588	BROKEN	Wakhi
Backstrom-1992-210d-179	173	few	1242	FEW	Wakhi
Backstrom-1992-210d-180	174	many	1198	MANY	Wakhi
Backstrom-1992-210d-181	175	all	98	ALL	Wakhi
Backstrom-1992-210d-182	176	(you) eat!	1336	EAT	Wakhi
Backstrom-1992-210d-183	177	(the dog) bites	1403	BITE	Wakhi
Backstrom-1992-210d-184	178	(you are) hungry	1533	BE HUNGRY	Wakhi
Backstrom-1992-210d-185	179	(you) drink!	1401	DRINK	Wakhi
Backstrom-1992-210d-186	180	(you are) thirsty	847	THIRSTY	Wakhi
Backstrom-1992-210d-187	181	(you) sleep!	1585	SLEEP	Wakhi
Backstrom-1992-210d-188	182	(you) lay down!	2071	LAY (VERB)	Wakhi
Backstrom-1992-210d-189	183	(you) sit down!	1416	SIT	Wakhi
Backstrom-1992-210d-190	184	(you) give!	1447	GIVE	Wakhi
Backstrom-1992-210d-192	185	(he) died	1494	DIE	Wakhi
Backstrom-1992-210d-193	186	(you) beat!	1665	BEAT	Wakhi
Backstrom-1992-210d-194	187	(the bird) flies	1441	FLY (MOVE THROUGH AIR)	Wakhi
Backstrom-1992-210d-195	188	(you) walk!	1443	WALK	Wakhi
Backstrom-1992-210d-196	189	(you) run!	1519	RUN	Wakhi
Backstrom-1992-210d-197	190	(you) go!	695	GO	Wakhi
Backstrom-1992-210d-198	191	(you) come!	1446	COME	Wakhi
Backstrom-1992-210d-199	192	(you) speak!	1623	SPEAK	Wakhi
Backstrom-1992-210d-200	193	(you) listen!/hear!	1408	HEAR	Wakhi
Backstrom-1992-210d-201	194	(you) look!/see!	1819	LOOK	Wakhi
Backstrom-1992-210d-202	195	I	1209	I	Wakhi
Backstrom-1992-210d-203	196	you	1215	THOU	Wakhi
Backstrom-1992-210d-205	197	he	1211	HE	Wakhi
Backstrom-1992-210d-206	198	she	1834	SHE	Wakhi
Backstrom-1992-210d-207	199	we	1212	WE	Wakhi
Backstrom-1992-210d-209	200	you (plural)	1213	YOU	Wakhi
Backstrom-1992-210d-210	201	they	817	THEY	Wakhi
Backstrom-1992-210e-1	1	body	1480	BODY	Domaaki
Backstrom-1992-210e-2	2	head	1256	HEAD	Domaaki
Backstrom-1992-210e-3	3	hair	1040	HAIR	Domaaki
Backstrom-1992-210e-4	4	face	1560	FACE	Domaaki
Backstrom-1992-210e-5	5	eye	1248	EYE	Domaaki
Backstrom-1992-210e-6	6	ear	1247	EAR	Domaaki
Backstrom-1992-210e-7	7	nose	1221	NOSE	Domaaki
Backstrom-1992-210e-8	8	mouth	674	MOUTH	Domaaki
Backstrom-1992-210e-9	9	tooth	1380	TOOTH	Domaaki
Backstrom-1992-210e-10	10	tongue	1205	TONGUE	Domaaki
Backstrom-1992-210e-11	11	breast	1402	BREAST	Domaaki
Backstrom-1992-210e-12	12	belly	1251	BELLY	Domaaki
Backstrom-1992-210e-13	13	arm	1673	ARM	Domaaki
Backstrom-1992-210e-14	14	elbow	981	ELBOW	Domaaki
Backstrom-1992-210e-15	15	palm	1183	PALM OF HAND	Domaaki
Backstrom-1992-210e-16	16	finger	1303	FINGER	Domaaki
Backstrom-1992-210e-17	17	fingernail	1258	FINGERNAIL	Domaaki
Backstrom-1992-210e-18	18	leg	1297	LEG	Domaaki
Backstrom-1992-210e-19	19	skin	763	SKIN	Domaaki
Backstrom-1992-210e-20	20	bone	1394	BONE	Domaaki
Backstrom-1992-210e-21	21	heart	1223	HEART	Domaaki
Backstrom-1992-210e-22	22	blood	946	BLOOD	Domaaki
Backstrom-1992-210e-23	23	urine	1142	URINE	Domaaki
Backstrom-1992-210e-24	24	feces	675	FAECES (EXCREMENT)	Domaaki
Backstrom-1992-210e-25	25	village	930	VILLAGE	Domaaki
Backstrom-1992-210e-26	26	house	1252	HOUSE	Domaaki
Backstrom-1992-210e-27	27	roof	769	ROOF	Domaaki
Backstrom-1992-210e-28	28	door	1567	DOOR	Domaaki
Backstrom-1992-210e-29	29	firewood	10	FIREWOOD	Domaaki
Backstrom-1992-210e-30	30	broom	245	BROOM	Domaaki
Backstrom-1992-210e-31	31	mortar	224	MORTAR CRUSHER	Domaaki
Backstrom-1992-210e-32	32	pestle	225	PESTLE	Domaaki
Backstrom-1992-210e-33	33	hammer	1481	HAMMER	Domaaki
Backstrom-1992-210e-34	34	knife	1352	KNIFE	Domaaki
Backstrom-1992-210e-35	35	axe	677	AXE	Domaaki
Backstrom-1992-210e-36	36	rope	1218	ROPE	Domaaki
Backstrom-1992-210e-37	37	thread	1161	THREAD	Domaaki
Backstrom-1992-210e-38	38	needle	1382	NEEDLE (FOR SEWING)	Domaaki
Backstrom-1992-210e-39	39	cloth	1616	CLOTH	Domaaki
Backstrom-1992-210e-40	40	ring	1374	RING	Domaaki
Backstrom-1992-210e-41	41	sun	1343	SUN	Domaaki
Backstrom-1992-210e-42	42	moon	1313	MOON	Domaaki
Backstrom-1992-210e-43	43	sky	1732	SKY	Domaaki
Backstrom-1992-210e-44	44	star	1430	STAR	Domaaki
Backstrom-1992-210e-45	45	rain	658	RAIN (PRECIPITATION)	Domaaki
Backstrom-1992-210e-46	46	water	948	WATER	Domaaki
Backstrom-1992-210e-47	47	river	666	RIVER	Domaaki
Backstrom-1992-210e-48	48	cloud	1489	CLOUD	Domaaki
Backstrom-1992-210e-49	49	lightning	1654	LIGHTNING	Domaaki
Backstrom-1992-210e-50	50	rainbow	1733	RAINBOW	Domaaki
Backstrom-1992-210e-51	51	wind	960	WIND	Domaaki
Backstrom-1992-210e-52	52	stone	857	STONE	Domaaki
Backstrom-1992-210e-53	53	path	2252	PATH	Domaaki
Backstrom-1992-210e-54	54	sand	671	SAND	Domaaki
Backstrom-1992-210e-55	55	fire	221	FIRE	Domaaki
Backstrom-1992-210e-56	56	smoke	778	SMOKE (EXHAUST)	Domaaki
Backstrom-1992-210e-57	57	ash	646	ASH	Domaaki
Backstrom-1992-210e-58	58	mud	640	MUD	Domaaki
Backstrom-1992-210e-59	59	dust	2	DUST	Domaaki
Backstrom-1992-210e-60	60	gold	1369	GOLD	Domaaki
Backstrom-1992-210e-61	61	tree	906	TREE	Domaaki
Backstrom-1992-210e-62	62	leaf	628	LEAF	Domaaki
Backstrom-1992-210e-63	63	root	670	ROOT	Domaaki
Backstrom-1992-210e-64	64	thorn	124	THORN	Domaaki
Backstrom-1992-210e-65	65	flower	239	FLOWER	Domaaki
Backstrom-1992-210e-66	66	fruit	1507	FRUIT	Domaaki
Backstrom-1992-210e-67	67	mango	2398	MANGO	Domaaki
Backstrom-1992-210e-68	68	banana	868	BANANA	Domaaki
Backstrom-1992-210e-69	69	wheat	1077	WHEAT	Domaaki
Backstrom-1992-210e-70	70	millet	931	MILLET	Domaaki
Backstrom-1992-210e-71	71	rice	926	RICE	Domaaki
Backstrom-1992-210e-72	72	potato	593	POTATO	Domaaki
Backstrom-1992-210e-73	73	eggplant	1146	AUBERGINE	Domaaki
Backstrom-1992-210e-74	74	groundnut	2364	PEANUT	Domaaki
Backstrom-1992-210e-75	75	chili	919	CHILI PEPPER	Domaaki
Backstrom-1992-210e-76	76	turmeric	2842	TURMERIC	Domaaki
Backstrom-1992-210e-77	77	garlic	2368	GARLIC	Domaaki
Backstrom-1992-210e-78	78	onion	2366	ONION	Domaaki
Backstrom-1992-210e-79	79	cauliflower	2843	CAULIFLOWER	Domaaki
Backstrom-1992-210e-80	80	tomato	986	TOMATO	Domaaki
Backstrom-1992-210e-81	81	cabbage	774	CABBAGE	Domaaki
Backstrom-1992-210e-82	82	oil	1484	OIL (ORGANIC SUBSTANCE)	Domaaki
Backstrom-1992-210e-83	83	salt	1274	SALT	Domaaki
Backstrom-1992-210e-84	84	meat	634	MEAT	Domaaki
Backstrom-1992-210e-85	85	fat	1282	FAT (FROM ANIMALS)	Domaaki
Backstrom-1992-210e-86	86	fish	227	FISH	Domaaki
Backstrom-1992-210e-87	87	chicken (f.)	1514	HEN	Domaaki
Backstrom-1992-210e-88	88	egg	744	EGG	Domaaki
Backstrom-1992-210e-89	89	cow	1007	COW	Domaaki
Backstrom-1992-210e-90	90	buffalo	934	BUFFALO	Domaaki
Backstrom-1992-210e-91	91	milk	635	MILK	Domaaki
Backstrom-1992-210e-92	92	horn	1393	HORN (ANATOMY)	Domaaki
Backstrom-1992-210e-93	93	tail	1220	TAIL	Domaaki
Backstrom-1992-210e-94	94	goat	1502	GOAT	Domaaki
Backstrom-1992-210e-95	95	dog	2009	DOG	Domaaki
Backstrom-1992-210e-96	96	snake	730	SNAKE	Domaaki
Backstrom-1992-210e-97	97	monkey	1350	MONKEY	Domaaki
Backstrom-1992-210e-98	98	mosquito	1509	MOSQUITO	Domaaki
Backstrom-1992-210e-99	99	ant	587	ANT	Domaaki
Backstrom-1992-210e-100	100	spider	843	SPIDER	Domaaki
Backstrom-1992-210e-101	101	name	1405	NAME	Domaaki
Backstrom-1992-210e-102	102	man	1554	MAN	Domaaki
Backstrom-1992-210e-103	103	woman	962	WOMAN	Domaaki
Backstrom-1992-210e-104	104	child	2099	CHILD	Domaaki
Backstrom-1992-210e-105	105	father	1217	FATHER	Domaaki
Backstrom-1992-210e-106	106	mother	1216	MOTHER	Domaaki
Backstrom-1992-210e-107	107	older brother	1759	OLDER BROTHER	Domaaki
Backstrom-1992-210e-108	108	younger brother	1760	YOUNGER BROTHER	Domaaki
Backstrom-1992-210e-109	109	older sister	1758	OLDER SISTER	Domaaki
Backstrom-1992-210e-110	110	younger sister	1761	YOUNGER SISTER	Domaaki
Backstrom-1992-210e-111	111	son	1620	SON	Domaaki
Backstrom-1992-210e-112	112	daughter	1357	DAUGHTER	Domaaki
Backstrom-1992-210e-113	113	husband	1200	HUSBAND	Domaaki
Backstrom-1992-210e-114	114	wife	1199	WIFE	Domaaki
Backstrom-1992-210e-115	115	boy	1366	BOY	Domaaki
Backstrom-1992-210e-116	116	girl	1646	GIRL	Domaaki
Backstrom-1992-210e-117	117	day	1225	DAY (NOT NIGHT)	Domaaki
Backstrom-1992-210e-118	118	night	1233	NIGHT	Domaaki
Backstrom-1992-210e-119	119	morning	1339	MORNING	Domaaki
Backstrom-1992-210e-120	120	noon	12	MIDDAY	Domaaki
Backstrom-1992-210e-121	121	evening	1629	EVENING	Domaaki
Backstrom-1992-210e-122	122	yesterday	1174	YESTERDAY	Domaaki
Backstrom-1992-210e-123	123	today	1283	TODAY	Domaaki
Backstrom-1992-210e-124	124	tomorrow	1329	TOMORROW	Domaaki
Backstrom-1992-210e-125	125	week	1469	WEEK	Domaaki
Backstrom-1992-210e-126	126	month	1370	MONTH	Domaaki
Backstrom-1992-210e-127	127	year	1226	YEAR	Domaaki
Backstrom-1992-210e-128	128	old (thing)	2113	OLD (USED)	Domaaki
Backstrom-1992-210e-129	129	new	1231	NEW	Domaaki
Backstrom-1992-210e-130	130	good	1035	GOOD	Domaaki
Backstrom-1992-210e-131	131	bad	1292	BAD	Domaaki
Backstrom-1992-210e-132	132	wet	1726	WET	Domaaki
Backstrom-1992-210e-133	133	dry	1398	DRY	Domaaki
Backstrom-1992-210e-134	134	long	1203	LONG	Domaaki
Backstrom-1992-210e-135	135	short	1645	SHORT	Domaaki
Backstrom-1992-210e-136	136	hot	1286	HOT	Domaaki
Backstrom-1992-210e-137	137	cold	1287	COLD	Domaaki
Backstrom-1992-210e-138	138	right	1019	RIGHT	Domaaki
Backstrom-1992-210e-139	139	left	244	LEFT	Domaaki
Backstrom-1992-210e-140	140	near	1942	NEAR	Domaaki
Backstrom-1992-210e-141	141	far	1406	FAR	Domaaki
Backstrom-1992-210e-142	142	big	1202	BIG	Domaaki
Backstrom-1992-210e-143	143	small	1246	SMALL	Domaaki
Backstrom-1992-210e-144	144	heavy	1210	HEAVY	Domaaki
Backstrom-1992-210e-145	145	light	1052	LIGHT (WEIGHT)	Domaaki
Backstrom-1992-210e-146	146	above	1741	ABOVE	Domaaki
Backstrom-1992-210e-147	147	below	1485	BELOW OR UNDER	Domaaki
Backstrom-1992-210e-148	148	white	1335	WHITE	Domaaki
Backstrom-1992-210e-149	149	black	163	BLACK	Domaaki
Backstrom-1992-210e-150	150	red	156	RED	Domaaki
Backstrom-1992-210e-151	151	one	1493	ONE	Domaaki
Backstrom-1992-210e-152	152	two	1498	TWO	Domaaki
Backstrom-1992-210e-153	153	three	492	THREE	Domaaki
Backstrom-1992-210e-154	154	four	1500	FOUR	Domaaki
Backstrom-1992-210e-155	155	five	493	FIVE	Domaaki
Backstrom-1992-210e-156	156	six	1703	SIX	Domaaki
Backstrom-1992-210e-157	157	seven	1704	SEVEN	Domaaki
Backstrom-1992-210e-158	158	eight	1705	EIGHT	Domaaki
Backstrom-1992-210e-159	159	nine	1483	NINE	Domaaki
Backstrom-1992-210e-160	160	ten	1515	TEN	Domaaki
Backstrom-1992-210e-161	161	eleven	1706	ELEVEN	Domaaki
Backstrom-1992-210e-162	162	twelve	1707	TWELVE	Domaaki
Backstrom-1992-210e-163	163	twenty	1710	TWENTY	Domaaki
Backstrom-1992-210e-164	164	one hundred	1634	HUNDRED	Domaaki
Backstrom-1992-210e-165	165	who	1235	WHO	Domaaki
Backstrom-1992-210e-166	166	what	1236	WHAT	Domaaki
Backstrom-1992-210e-167	167	where	1237	WHERE	Domaaki
Backstrom-1992-210e-168	168	when	1238	WHEN	Domaaki
Backstrom-1992-210e-169	169	how many	822	HOW MANY	Domaaki
Backstrom-1992-210e-170	170	which	727	WHICH	Domaaki
Backstrom-1992-210e-171	171	this	1214	THIS	Domaaki
Backstrom-1992-210e-172	172	that	78	THAT	Domaaki
Backstrom-1992-210e-173	173	these	1214	THIS	Domaaki
Backstrom-1992-210e-174	174	those	78	THAT	Domaaki
Backstrom-1992-210e-175	175	same	200	SAME	Domaaki
Backstrom-1992-210e-176	176	different	2504	DIFFERENT	Domaaki
Backstrom-1992-210e-177	177	whole	2277	WHOLE	Domaaki
Backstrom-1992-210e-178	178	broken	588	BROKEN	Domaaki
Backstrom-1992-210e-179	179	few	1242	FEW	Domaaki
Backstrom-1992-210e-180	180	many	1198	MANY	Domaaki
Backstrom-1992-210e-181	181	all	98	ALL	Domaaki
Backstrom-1992-210e-182	182	you eat!	1336	EAT	Domaaki
Backstrom-1992-210e-183	183	the dog bites	1403	BITE	Domaaki
Backstrom-1992-210e-184	184	(you are) hungry	1533	BE HUNGRY	Domaaki
Backstrom-1992-210e-185	185	drink!	1401	DRINK	Domaaki
Backstrom-1992-210e-186	186	(you are) thirsty	847	THIRSTY	Domaaki
Backstrom-1992-210e-187	187	sleep!	1585	SLEEP	Domaaki
Backstrom-1992-210e-188	188	lay down!	2071	LAY (VERB)	Domaaki
Backstrom-1992-210e-189	189	sit down!	1416	SIT	Domaaki
Backstrom-1992-210e-190	190	give!	1447	GIVE	Domaaki
Backstrom-1992-210e-191	191	burn the wood!	141	BURN (SOMETHING)	Domaaki
Backstrom-1992-210e-192	192	(he) died	1494	DIE	Domaaki
Backstrom-1992-210e-193	193	kill!	1417	KILL	Domaaki
Backstrom-1992-210e-194	194	(the bird) flies	1441	FLY (MOVE THROUGH AIR)	Domaaki
Backstrom-1992-210e-195	195	walk!	1443	WALK	Domaaki
Backstrom-1992-210e-196	196	run!	1519	RUN	Domaaki
Backstrom-1992-210e-197	197	go!	695	GO	Domaaki
Backstrom-1992-210e-198	198	come!	1446	COME	Domaaki
Backstrom-1992-210e-199	199	speak!	1623	SPEAK	Domaaki
Backstrom-1992-210e-200	200	listen!/hear!	1408	HEAR	Domaaki
Backstrom-1992-210e-201	201	look!/see!	1819	LOOK	Domaaki
Backstrom-1992-210e-202	202	I	1209	I	Domaaki
Backstrom-1992-210e-203	203	you (inf.)	1215	THOU	Domaaki
Backstrom-1992-210e-205	204	he	1211	HE	Domaaki
Backstrom-1992-210e-206	205	she	1834	SHE	Domaaki
Backstrom-1992-210e-207	206	we (incl.)	1131	WE (INCLUSIVE)	Domaaki
Backstrom-1992-210e-208	207	we (excl.)	1130	WE (EXCLUSIVE)	Domaaki
Backstrom-1992-210e-209	208	you (pl.)	1213	YOU	Domaaki
Backstrom-1992-210e-210	209	they	817	THEY	Domaaki
Backstrom-1992-210f-1	1	body	1480	BODY	Shina
Backstrom-1992-210f-2	2	head	1256	HEAD	Shina
Backstrom-1992-210f-3	3	hair	1040	HAIR	Shina
Backstrom-1992-210f-4	4	face	1560	FACE	Shina
Backstrom-1992-210f-5	5	eye	1248	EYE	Shina
Backstrom-1992-210f-6	6	ear	1247	EAR	Shina
Backstrom-1992-210f-7	7	nose	1221	NOSE	Shina
Backstrom-1992-210f-8	8	mouth	674	MOUTH	Shina
Backstrom-1992-210f-9	9	tooth	1380	TOOTH	Shina
Backstrom-1992-210f-10	10	tongue	1205	TONGUE	Shina
Backstrom-1992-210f-11	11	breast	1402	BREAST	Shina
Backstrom-1992-210f-12	12	belly	1251	BELLY	Shina
Backstrom-1992-210f-13	13	arm	1673	ARM	Shina
Backstrom-1992-210f-14	14	elbow	981	ELBOW	Shina
Backstrom-1992-210f-15	15	palm of hand	1183	PALM OF HAND	Shina
Backstrom-1992-210f-16	16	finger	1303	FINGER	Shina
Backstrom-1992-210f-17	17	fingernail	1258	FINGERNAIL	Shina
Backstrom-1992-210f-18	18	leg	1297	LEG	Shina
Backstrom-1992-210f-19	19	skin	763	SKIN	Shina
Backstrom-1992-210f-20	20	bone	1394	BONE	Shina
Backstrom-1992-210f-21	21	heart	1223	HEART	Shina
Backstrom-1992-210f-22	22	blood	946	BLOOD	Shina
Backstrom-1992-210f-23	23	urine	1142	URINE	Shina
Backstrom-1992-210f-24	24	feces	675	FAECES (EXCREMENT)	Shina
Backstrom-1992-210f-25	25	village	930	VILLAGE	Shina
Backstrom-1992-210f-26	26	house	1252	HOUSE	Shina
Backstrom-1992-210f-27	27	roof	769	ROOF	Shina
Backstrom-1992-210f-28	28	door	1567	DOOR	Shina
Backstrom-1992-210f-29	29	firewood	10	FIREWOOD	Shina
Backstrom-1992-210f-30	30	broom	245	BROOM	Shina
Backstrom-1992-210f-31	31	mortar	224	MORTAR CRUSHER	Shina
Backstrom-1992-210f-32	32	pestle	225	PESTLE	Shina
Backstrom-1992-210f-33	33	hammer	1481	HAMMER	Shina
Backstrom-1992-210f-34	34	knife	1352	KNIFE	Shina
Backstrom-1992-210f-35	35	axe	677	AXE	Shina
Backstrom-1992-210f-36	36	rope	1218	ROPE	Shina
Backstrom-1992-210f-37	37	thread	1161	THREAD	Shina
Backstrom-1992-210f-38	38	needle	1382	NEEDLE (FOR SEWING)	Shina
Backstrom-1992-210f-39	39	cloth	1616	CLOTH	Shina
Backstrom-1992-210f-40	40	ring	1374	RING	Shina
Backstrom-1992-210f-41	41	sun	1343	SUN	Shina
Backstrom-1992-210f-42	42	moon	1313	MOON	Shina
Backstrom-1992-210f-43	43	sky	1732	SKY	Shina
Backstrom-1992-210f-44	44	star	1430	STAR	Shina
Backstrom-1992-210f-45	45	rain	658	RAIN (PRECIPITATION)	Shina
Backstrom-1992-210f-46	46	water	948	WATER	Shina
Backstrom-1992-210f-47	47	river	666	RIVER	Shina
Backstrom-1992-210f-48	48	cloud	1489	CLOUD	Shina
Backstrom-1992-210f-49	49	lightning	1654	LIGHTNING	Shina
Backstrom-1992-210f-50	50	rainbow	1733	RAINBOW	Shina
Backstrom-1992-210f-51	51	wind	960	WIND	Shina
Backstrom-1992-210f-52	52	stone	857	STONE	Shina
Backstrom-1992-210f-53	53	path	2252	PATH	Shina
Backstrom-1992-210f-54	54	sand	671	SAND	Shina
Backstrom-1992-210f-55	55	fire	221	FIRE	Shina
Backstrom-1992-210f-56	56	smoke	778	SMOKE (EXHAUST)	Shina
Backstrom-1992-210f-57	57	ash	646	ASH	Shina
Backstrom-1992-210f-58	58	mud	640	MUD	Shina
Backstrom-1992-210f-59	59	dust	2	DUST	Shina
Backstrom-1992-210f-60	60	gold	1369	GOLD	Shina
Backstrom-1992-210f-61	61	tree	906	TREE	Shina
Backstrom-1992-210f-62	62	leaf	628	LEAF	Shina
Backstrom-1992-210f-63	63	root (of tree)	670	ROOT	Shina
Backstrom-1992-210f-64	64	thorn	124	THORN	Shina
Backstrom-1992-210f-65	65	flower	239	FLOWER	Shina
Backstrom-1992-210f-66	66	fruit	1507	FRUIT	Shina
Backstrom-1992-210f-67	67	mango	2398	MANGO	Shina
Backstrom-1992-210f-68	68	banana	868	BANANA	Shina
Backstrom-1992-210f-69	69	wheat	1077	WHEAT	Shina
Backstrom-1992-210f-71	70	rice	926	RICE	Shina
Backstrom-1992-210f-72	71	potato	593	POTATO	Shina
Backstrom-1992-210f-73	72	eggplant	1146	AUBERGINE	Shina
Backstrom-1992-210f-74	73	groundnut	2364	PEANUT	Shina
Backstrom-1992-210f-75	74	chili	919	CHILI PEPPER	Shina
Backstrom-1992-210f-76	75	turmeric	2842	TURMERIC	Shina
Backstrom-1992-210f-77	76	garlic	2368	GARLIC	Shina
Backstrom-1992-210f-78	77	onion	2366	ONION	Shina
Backstrom-1992-210f-79	78	cauliflower	2843	CAULIFLOWER	Shina
Backstrom-1992-210f-80	79	tomato	986	TOMATO	Shina
Backstrom-1992-210f-81	80	cabbage	774	CABBAGE	Shina
Backstrom-1992-210f-82	81	oil	1484	OIL (ORGANIC SUBSTANCE)	Shina
Backstrom-1992-210f-83	82	salt	1274	SALT	Shina
Backstrom-1992-210f-84	83	meat	634	MEAT	Shina
Backstrom-1992-210f-85	84	fat (meat)	1282	FAT (FROM ANIMALS)	Shina
Backstrom-1992-210f-86	85	fish	227	FISH	Shina
Backstrom-1992-210f-87	86	chicken (hen)	1514	HEN	Shina
Backstrom-1992-210f-88	87	egg	744	EGG	Shina
Backstrom-1992-210f-89	88	cow	1007	COW	Shina
Backstrom-1992-210f-90	89	buffalo	934	BUFFALO	Shina
Backstrom-1992-210f-91	90	milk	635	MILK	Shina
Backstrom-1992-210f-92	91	horn	1393	HORN (ANATOMY)	Shina
Backstrom-1992-210f-93	92	tail	1220	TAIL	Shina
Backstrom-1992-210f-94	93	goat	1502	GOAT	Shina
Backstrom-1992-210f-95	94	dog	2009	DOG	Shina
Backstrom-1992-210f-96	95	snake	730	SNAKE	Shina
Backstrom-1992-210f-97	96	monkey	1350	MONKEY	Shina
Backstrom-1992-210f-98	97	mosquito	1509	MOSQUITO	Shina
Backstrom-1992-210f-99	98	ant	587	ANT	Shina
Backstrom-1992-210f-100	99	spider	843	SPIDER	Shina
Backstrom-1992-210f-101	100	name	1405	NAME	Shina
Backstrom-1992-210f-102	101	man	1554	MAN	Shina
Backstrom-1992-210f-103	102	woman	962	WOMAN	Shina
Backstrom-1992-210f-104	103	child	2099	CHILD	Shina
Backstrom-1992-210f-105	104	father	1217	FATHER	Shina
Backstrom-1992-210f-106	105	mother	1216	MOTHER	Shina
Backstrom-1992-210f-107	106	brother	1262	BROTHER	Shina
Backstrom-1992-210f-109	107	sister	1263	SISTER	Shina
Backstrom-1992-210f-111	108	son	1620	SON	Shina
Backstrom-1992-210f-112	109	daughter	1357	DAUGHTER	Shina
Backstrom-1992-210f-113	110	husband	1200	HUSBAND	Shina
Backstrom-1992-210f-114	111	wife	1199	WIFE	Shina
Backstrom-1992-210f-115	112	boy	1366	BOY	Shina
Backstrom-1992-210f-116	113	girl	1646	GIRL	Shina
Backstrom-1992-210f-117	114	day	1225	DAY (NOT NIGHT)	Shina
Backstrom-1992-210f-118	115	night	1233	NIGHT	Shina
Backstrom-1992-210f-119	116	morning	1339	MORNING	Shina
Backstrom-1992-210f-120	117	noon	12	MIDDAY	Shina
Backstrom-1992-210f-121	118	evening	1629	EVENING	Shina
Backstrom-1992-210f-122	119	yesterday	1174	YESTERDAY	Shina
Backstrom-1992-210f-123	120	today	1283	TODAY	Shina
Backstrom-1992-210f-124	121	tomorrow	1329	TOMORROW	Shina
Backstrom-1992-210f-125	122	week	1469	WEEK	Shina
Backstrom-1992-210f-126	123	month	1370	MONTH	Shina
Backstrom-1992-210f-127	124	year	1226	YEAR	Shina
Backstrom-1992-210f-128	125	old	1229	OLD	Shina
Backstrom-1992-210f-129	126	new	1231	NEW	Shina
Backstrom-1992-210f-130	127	good	1035	GOOD	Shina
Backstrom-1992-210f-131	128	bad	1292	BAD	Shina
Backstrom-1992-210f-132	129	wet	1726	WET	Shina
Backstrom-1992-210f-133	130	dry	1398	DRY	Shina
Backstrom-1992-210f-134	131	long	1203	LONG	Shina
Backstrom-1992-210f-135	132	short	1645	SHORT	Shina
Backstrom-1992-210f-136	133	hot	1286	HOT	Shina
Backstrom-1992-210f-137	134	cold	1287	COLD	Shina
Backstrom-1992-210f-138	135	right	1019	RIGHT	Shina
Backstrom-1992-210f-139	136	left	244	LEFT	Shina
Backstrom-1992-210f-140	137	near	1942	NEAR	Shina
Backstrom-1992-210f-141	138	far	1406	FAR	Shina
Backstrom-1992-210f-142	139	big	1202	BIG	Shina
Backstrom-1992-210f-143	140	small	1246	SMALL	Shina
Backstrom-1992-210f-144	141	heavy	1210	HEAVY	Shina
Backstrom-1992-210f-145	142	light	1052	LIGHT (WEIGHT)	Shina
Backstrom-1992-210f-146	143	above	1741	ABOVE	Shina
Backstrom-1992-210f-147	144	below	1485	BELOW OR UNDER	Shina
Backstrom-1992-210f-148	145	white	1335	WHITE	Shina
Backstrom-1992-210f-149	146	black	163	BLACK	Shina
Backstrom-1992-210f-150	147	red	156	RED	Shina
Backstrom-1992-210f-151	148	one	1493	ONE	Shina
Backstrom-1992-210f-152	149	two	1498	TWO	Shina
Backstrom-1992-210f-153	150	three	492	THREE	Shina
Backstrom-1992-210f-154	151	four	1500	FOUR	Shina
Backstrom-1992-210f-155	152	five	493	FIVE	Shina
Backstrom-1992-210f-156	153	six	1703	SIX	Shina
Backstrom-1992-210f-157	154	seven	1704	SEVEN	Shina
Backstrom-1992-210f-158	155	eight	1705	EIGHT	Shina
Backstrom-1992-210f-159	156	nine	1483	NINE	Shina
Backstrom-1992-210f-160	157	ten	1515	TEN	Shina
Backstrom-1992-210f-161	158	eleven	1706	ELEVEN	Shina
Backstrom-1992-210f-162	159	twelve	1707	TWELVE	Shina
Backstrom-1992-210f-163	160	twenty	1710	TWENTY	Shina
Backstrom-1992-210f-164	161	one hundred	1634	HUNDRED	Shina
Backstrom-1992-210f-165	162	who	1235	WHO	Shina
Backstrom-1992-210f-166	163	what	1236	WHAT	Shina
Backstrom-1992-210f-167	164	where	1237	WHERE	Shina
Backstrom-1992-210f-168	165	when	1238	WHEN	Shina
Backstrom-1992-210f-169	166	how many	822	HOW MANY	Shina
Backstrom-1992-210f-170	167	which	727	WHICH	Shina
Backstrom-1992-210f-171	168	this	1214	THIS	Shina
Backstrom-1992-210f-172	169	that	78	THAT	Shina
Backstrom-1992-210f-173	170	these	1214	THIS	Shina
Backstrom-1992-210f-174	171	those	78	THAT	Shina
Backstrom-1992-210f-175	172	same	200	SAME	Shina
Backstrom-1992-210f-176	173	different	2504	DIFFERENT	Shina
Backstrom-1992-210f-177	174	whole	2277	WHOLE	Shina
Backstrom-1992-210f-178	175	broken	588	BROKEN	Shina
Backstrom-1992-210f-179	176	few	1242	FEW	Shina
Backstrom-1992-210f-180	177	many	1198	MANY	Shina
Backstrom-1992-210f-181	178	all	98	ALL	Shina
Backstrom-1992-210f-182	179	you eat!	1336	EAT	Shina
Backstrom-1992-210f-183	180	the dog bites	1403	BITE	Shina
Backstrom-1992-210f-184	181	you are hungry	1533	BE HUNGRY	Shina
Backstrom-1992-210f-185	182	you drink!	1401	DRINK	Shina
Backstrom-1992-210f-186	183	you are thirsty	847	THIRSTY	Shina
Backstrom-1992-210f-187	184	you sleep!	1585	SLEEP	Shina
Backstrom-1992-210f-188	185	you lie down!	1411	LIE (REST)	Shina
Backstrom-1992-210f-189	186	you sit down!	1416	SIT	Shina
Backstrom-1992-210f-190	187	you give!	1447	GIVE	Shina
Backstrom-1992-210f-191	188	you burn the wood!	141	BURN (SOMETHING)	Shina
Backstrom-1992-210f-192	189	he died	1494	DIE	Shina
Backstrom-1992-210f-193	190	you kill the bird!	1417	KILL	Shina
Backstrom-1992-210f-194	191	the bird flies	1441	FLY (MOVE THROUGH AIR)	Shina
Backstrom-1992-210f-195	192	you walk!	1443	WALK	Shina
Backstrom-1992-210f-196	193	you run!	1519	RUN	Shina
Backstrom-1992-210f-197	194	you go!	695	GO	Shina
Backstrom-1992-210f-198	195	you come!	1446	COME	Shina
Backstrom-1992-210f-199	196	you speak!	1623	SPEAK	Shina
Backstrom-1992-210f-200	197	you listen!/hear!	1408	HEAR	Shina
Backstrom-1992-210f-201	198	you look!/see!	1819	LOOK	Shina
Backstrom-1992-210f-202	199	I	1209	I	Shina
Backstrom-1992-210f-203	200	you	1215	THOU	Shina
Backstrom-1992-210f-205	201	he	1211	HE	Shina
Backstrom-1992-210f-206	202	she	1834	SHE	Shina
Backstrom-1992-210f-207	203	we	1212	WE	Shina
Backstrom-1992-210f-209	204	you (plural)	1213	YOU	Shina
Backstrom-1992-210f-210	205	they	817	THEY	Shina
