GLOSS ID	LIST ID	ENGLISH	HUS	MUR	HYD	GAN	NAZ	UYU	HOP	YAS_C	THU
Backstrom-1992-210c-1	Burushaski-1	body (1st sing. m.)	iˈḍim	iˈḍim	iˈḍim	iˈḍim	iˈḍim	iˈḍim	iˈḍim	kɑˈlip	ǰiˈigɑndi
Backstrom-1992-210c-2	Burushaski-2	head	ˈyɑṭɪs	ˈyɑṭɪs	ˈyɑṭɪs	ˈyɑṭɪs	ˈyɑṭis	ˈyʌṭɪs	ˈyʌṭɪs	ˈyʌṭis	ˈyʌṭɪs
Backstrom-1992-210c-3	Burushaski-3	hair	g̣uyʌŋ	iˈɣuyʌŋ	g̣uyʌŋ	g̣uyʌŋ	g̣uyʌŋ	g̣uyʌŋ	g̣uyʌŋ	ɣoyʌŋ	ɣuyeŋ
Backstrom-1992-210c-4	Burushaski-4	face	ˈɪskil	ˈɪskil	ˈiskil	ˈɪskɪl	ˈiskil	ˈɪškil	ˈɪškil	ˈɪskil	ˈɪskil
Backstrom-1992-210c-5	Burushaski-5	eye	ˈɪlčɪn	ˈɪlčin	ˈɪlčin	ˈɪlčin	ˈɪlčin	ˈɪlčin	ˈɪlčin	ˈɪɬčɪn	ˈɪɬčɪn
Backstrom-1992-210c-6	Burushaski-6	ear	ɪlˈtumɑl	ɪlˈtumɑl	ɪlˈtumɑl	ɪlˈtumɑl	ɪlˈtumɑl	ɪlˈtumʌl	ɪlˈtumʌl	ˈtumɑl	guɬˈtumʌl
Backstrom-1992-210c-7	Burushaski-7	nose	iˈmupuṣ̌	iˈmupuṣ̌	iˈmupuṣ̌	iˈmupuṣ̌	iˈmupuṣ̌	iˈmupʊṣ̌	iˈmupʊṣ̌	muš	muš
Backstrom-1992-210c-8	Burushaski-8	mouth	ʌˈkʰʌt	iˈxʌt	iˈqʰʌt	iˈqʰɑt	ʌˈqʰʌt	iˈqʰʌt	ɪˈqʰʌt	xʌt	iˈxʌt
Backstrom-1992-210c-9	Burushaski-9	tooth	iˈmɛ	iˈmɛ	iˈmɛ	iˈmɛ	iˈmɛ	iˈmɛ	iˈmɛ	mɛ	
Backstrom-1992-210c-10	Burushaski-10	tongue	yuˈumus	yuˈumus	yuˈumus	yuˈumus	yuˈumus	yuˈumus	yuˈumus	yuˈuŋus	yuˈumus
Backstrom-1992-210c-11	Burushaski-11	chest	ɪnˈdɪl	ɪnˈdɪl	ɪnˈdɪl	ɪnˈdɪl	ɪnˈdɪl	ɪnˈdɪl	ɪnˈdɪl	ˈdɪliŋ	iˈdiliŋ
Backstrom-1992-210c-12	Burushaski-12	belly	yuˈul	yuˈul	yuˈul	yuˈul	yuˈul	yuˈul	yuˈul	yuˈul	yuˈul
Backstrom-1992-210c-13	Burushaski-13	arm	iˈšɑk	iˈšɑk	iˈšʌk	eˈšɑk	iˈšʌk	iˈšʌk	iˈšʌk	šʌk	šɛk
Backstrom-1992-210c-14	Burushaski-14	elbow	iˈsusun	iˈsusun	iˈsusun	iˈsusun	iˈsusun	iˈsusun	iˈsusun	ˈsɛsɛn	ˈsɛsɛn
Backstrom-1992-210c-15	Burushaski-15	palm of hand	iˈtɑtɑs	iˈtʌtʌs	iˈtʌtʌs	iˈtʌtʌs	iˈtʌtʌs	iˈtʌtʌs	iˈtʌtʌs	ˈtʌtʌs	ˈtʌtʌs
Backstrom-1992-210c-16	Burushaski-16	finger	ˈɛmiṣ̌	ˈɛmiṣ̌	ˈɛmiṣ̌	ˈɛmiɛnt͡s	ˈɛmiṣ̌	ˈɛmɪṣ̌	ˈɛmɪṣ̌	ˈɛmɛṣ̌	ˈɛmɛṣ̌
Backstrom-1992-210c-17	Burushaski-17	fingernail	yuˈuri	yuˈuri	yuˈuri	yuˈuli	yuˈuri	yuˈuri	yuˈuro	uˈuro	uˈuro
Backstrom-1992-210c-18	Burushaski-18	leg	ˈbʌt͡sin			ˈbʌt͡sin	ˈbʌt͡sin	ˈbʌt͡sɪn	ˈbʌt͡sʰɪn	tʌns	tʌns
Backstrom-1992-210c-19	Burushaski-19	skin	bʌṭ	bʌṭ	bʌṭ	bʌṭ	bʌṭ	bʌṭ	bʌṭ	bʌṭ	bʌṭ
Backstrom-1992-210c-20	Burushaski-20	bone	tin	tin	tin	tin	tin	tin	tin	tɛn	tɛn
Backstrom-1992-210c-21	Burushaski-21	heart		ɛs		ɛs	ɛs	ɛs	ɛs	ʔɛs	ɛs
Backstrom-1992-210c-22	Burushaski-22	blood	mulˈtʌn	mulˈtʌn	mulˈtʌn	mulˈtʌn	mulˈtʌn	mulˈtʌn	mulˈtʌn	muɬˈtʌn	muɬˈtʌn
Backstrom-1992-210c-23	Burushaski-23	urine	hɑˈrʌṣ̌	hɑˈrʌṣ̌	hɑˈrʌṣ̌	hɑˈrʌṣ̌	hɑˈrɑṣ̌	hɑˈrʌṣ̌	hɑˈrʌṣ̌	hɑˈrɛṣ̌	hɑˈrɛṣ̌
Backstrom-1992-210c-24	Burushaski-24	feces	g̣uˈrʌṣ̌	uyum hɑˈrʌṣ̌	g̣uˈrʌṣ̌	g̣uˈrʌṣ̌	g̣uˈrɑṣ̌ / uyum hɑˈrʌṣ̌	g̣uˈrʌṣ̌	g̣uˈrʌṣ̌	ɣorˈyɛṣ̌	ɣurˈyʌṣ̌
Backstrom-1992-210c-25	Burushaski-25	village	gɑũ	gɪˈrʌm	gɪˈrʌm	giˈrʌm	giˈrʌm	gɪˈrʌm	giˈrʌm	dɛ	dɛ
Backstrom-1992-210c-26	Burushaski-26	house	hɑ	hɑ	hɑ	hɑ	hɑ	hɑh	hɑh	hɑ	hɑ
Backstrom-1992-210c-27	Burushaski-27	roof	tɛš	ˈtɛši	ˈtɛši	ˈtɛši	ˈtɛši	tɛš	tɛš	šoɬt	šoɬt
Backstrom-1992-210c-28	Burushaski-28	door	hiŋ	hin	hɪŋ	hin	hiŋ	hiŋ	hiŋ	hiŋ	hiŋ
Backstrom-1992-210c-29	Burushaski-29	firewood	g̣ʌˈšɪl	g̣ʌˈšɪl	g̣ʌˈšɪl	g̣ʌˈšɪl	g̣ʌˈšɪl	ɛsqulʌs čuuni	ɛsqulʌs čuuni	huṇ	hun
Backstrom-1992-210c-30	Burushaski-30	broom	ˈpʰopus	ˈpʰopus	ˈpʰopus	ˈpʰopus	ˈpʰopus	ˈpʰopʊs	ˈpʰopus	ˈpɸopus	ˈpɸopus
Backstrom-1992-210c-31	Burushaski-31	mortar (bowl)	tʌˈnus				tʌˈnus			tʌˈnʊs	
Backstrom-1992-210c-32	Burushaski-32	pestle	yʌtkus				yɑtkus			ɪs	ɪs
Backstrom-1992-210c-33	Burushaski-33	hammer	ˈḍwɑqo	hɑtoˈrɑ	hɑtoˈrɑ	ˈḍwɑqo	ˈḍwɑqo	pɸʌˈtiil	hɑtoˈrʌ	hɑtuˈrʌ	hɑtuˈrʌ
Backstrom-1992-210c-34	Burushaski-34	knife / pocketknife	č̣ʰur / čɑˈqu	č̣ʰur / čɑˈqu	č̣ʰur / čɑˈqu	č̣ʰur / čɑˈqu	č̣ʰur / čɑˈqu	č̣ʰur / čɑˈqu	č̣ʰur / čɑˈqu	tɛṣ̌k / čɑˈqu	tɛṣ̌k / tɛṣ̌k
Backstrom-1992-210c-35	Burushaski-35	axe	ˈgʌŋi	ˈgʌŋi	ˈgʌŋi	ˈgʸʌŋi	ˈgʌŋi	ˈgʌŋi	gʌyŋ	ˈgʸɛŋgi	ˈgʸɛŋgi
Backstrom-1992-210c-36	Burushaski-36	rope	gʌšk		gʌšk	gʌšk	gʌšk	gʌšk	gʌšk	ṭɛˈṭɛ	ṭɛˈṭɛ
Backstrom-1992-210c-37	Burushaski-37	thread	sʌr	sʌr	sʌr	sʌr	sʌr	sɑr	sɑr	sʌr	sʌr
Backstrom-1992-210c-38	Burushaski-38	needle	sɛl	sɛl	sɛl	sɛl	sɛl	sɛl	sɪl	sɪl	sɪl
Backstrom-1992-210c-39	Burushaski-39	cloth	ˈpʌči	ˈpʌči	ˈpʌči	ˈpʌči	ˈpʌči	sɑwˈdʌ	sɑwˈdʌ	kʌṭoɣʌr	kɑṭˈwɑr
Backstrom-1992-210c-40	Burushaski-40	ring	bʊˈrondo	bʊˈrondo	bʊˈrondo		bʊˈrondo	bʊˈrondo	bʊˈrondo	bʊˈrondo	bʊˈrʊndo
Backstrom-1992-210c-41	Burushaski-41	sun	sʌ	sʌ	sʌ	sɑ	sɑ	sɑ	sɑ	sɑ	sɑ
Backstrom-1992-210c-42	Burushaski-42	moon	hɑˈlʌnt͡s	hɑˈlʌnt͡s	hɑˈlʌnt͡s	hɑˈlʌnt͡s	hɑˈlʌnt͡s	hɑˈlʌnt͡s	hɑˈlʌnt͡s	hɑˈlʌnz	hɑˈlʌnt͡s
Backstrom-1992-210c-43	Burushaski-43	sky	ʌsˈmɑɑn	ʌsˈmɑɑn / ɑˈyʌš	ʌsˈmɑɑn / ɑˈyɛš	ɑsˈmɑɑn	ɑsˈmɑɑn / ɑˈyʌš	ɑsˈmɑɑn / ɑˈyʌš	ɑsˈmɑɑn	ɑˈyʌš / ɑsˈmɑɑn	ɑˈyʌš / ɑsˈmɑɑn
Backstrom-1992-210c-44	Burushaski-44	star	ɑsiˈi	ɑsiˈi	ɑsiˈi	ɑsiˈi	ɑsiˈi	ɑsiˈi	ɑsiˈi	ɑˈsuumun	ɑˈsuumun
Backstrom-1992-210c-45	Burushaski-45	rain	hɑˈrɑlt	hɑˈrɑlt	hɑˈrɑlt	hɑˈrʌlt	hɑˈrʌlt	hɑˈrʌlt	hɑˈrʌlt	diˈyɑɑrč	diˈyɑɑrčum
Backstrom-1992-210c-46	Burushaski-46	water	t͡sʰɪl	t͡sʰɪl	t͡sʰɪl	t͡sʰɪl	t͡sʰɪl	t͡sʰɪl	t͡sʰɪl	t͡sʰʌl	t͡sʰɪl
Backstrom-1992-210c-47	Burushaski-47	river	ˈsɪndʌ	ˈsɪndʌ	ˈsɪndʌ	ˈsɪndʌ	ˈsɪndʌ	ˈsɪndʌ	ˈsɪndʌ	ˈsʌnde	ˈsɪndʌ
Backstrom-1992-210c-48	Burushaski-48	cloud	quronč̣	quˈronč̣	quˈronč̣	quˈronč̣	quˈronč̣	qʰʌˈronč̣	qʰoˈroŋ	hɑˈrʌɬt	huˈronč̣
Backstrom-1992-210c-49	Burushaski-49	lightning	lʌm	lʌm	lʌlʌm	lʌm	lʌm		lʌlʌm	tʌm	lɑpflɑpf
Backstrom-1992-210c-50	Burushaski-50	rainbow	nironɑˈɑn	nironɑˈɑn	nironɑˈɑɣ	niironɑˈɑn	niroˈnɑŋ	biǰ̣oˈon	biǰ̣oˈon	mʌk	nʌk
Backstrom-1992-210c-51	Burushaski-51	wind	tɪṣ̌	tɪṣ̌	tiṣ̌	tɪṣ̌	tiṣ̌	tɪṣ̌	tiṣ̌	tɪṣ̌	tɪṣ̌
Backstrom-1992-210c-52	Burushaski-52	stone	dʌn	dʌn	dʌn	dʌn	dʌn	dʌn	dʌn	dʌn	dʌn
Backstrom-1992-210c-53	Burushaski-53	path	gʌn	gʌn	gʌn	gʌn	gʌn	gʌn	gʌn	gʌn	gʌn
Backstrom-1992-210c-54	Burushaski-54	sand	sɑo	sɑo	sɑo	sɑo	sɑo	sɑo	sɑo	sɑo	sɑo
Backstrom-1992-210c-55	Burushaski-55	fire	pʰu	pɸu	pɸu	pɸu	pʰu	pɸu	pɸu	pɸu	pɸu
Backstrom-1992-210c-56	Burushaski-56	smoke	tʰʌs	tʰʌs	tʰʌs	tʰʌs	tʰʌs	tʰʌs	tʰʌs	tʰʌs	tʰʌs
Backstrom-1992-210c-57	Burushaski-57	ash	ˈpʰɛtiŋ	ˈpʰɛtiŋ	ˈpʰɛtiŋ	ˈpʰɛtiŋ	ˈpʰɛtiŋ	ˈpʰɛtiŋ	ˈpʰɛtiŋ	ˈpʰɛtiŋ	ˈpʰɛtiŋ
Backstrom-1992-210c-58	Burushaski-58	mud	t͡sʰilˈɣiṣ̌ / tok	t͡sʰilˈɣiṣ̌		t͡sʰɪlˈɣiṣ̌	t͡sʰɪlˈɣiṣ̌	čʰiŋ	čʰiŋ	tok	toq
Backstrom-1992-210c-59	Burushaski-59	dust	tik	tik	tik	tik	tik	tik	tik	tik	tik
Backstrom-1992-210c-60	Burushaski-60	gold	ˈg̣ʌniṣ̌	ˈg̣ɛniṣ̌	ˈg̣ɛniṣ̌	ˈg̣ɛnɪṣ̌	ˈɣɛniṣ̌	ˈg̣ɛnɪṣ̌	ˈg̣ɛniṣ̌	ˈɣʌndɪṣ̌	ˈɣɛndɪṣ̌
Backstrom-1992-210c-61	Burushaski-61	tree	tom	tom	tom	tom	tom	tom	tom	drʌxt	drʌxt
Backstrom-1992-210c-62	Burushaski-62	leaf	tʌp	tʌp / kʰii	kʰɪỵ	tʌp	kʰɪỵ	tʌp / kʰɪỵ	tʌp	tʌp	tʌp
Backstrom-1992-210c-63	Burushaski-63	root	t͡sɪˈriṣ̌	t͡sɪˈriṣ̌	t͡sʰɪˈrɪṣ̌	t͡sɪˈriṣ̌	t͡sɪˈriṣ̌	t͡sɪˈrɪṣ̌	t͡siˈriṣ̌	t͡sɪˈrɪṣ̌	t͡sɪˈrɪṣ̌
Backstrom-1992-210c-64	Burushaski-64	thorn	čʰʌṣ̌	čʰʌṣ̌	čʰʌṣ̌	čʰʌṣ̌	čʰʌṣ̌	čʰʌṣ̌	čʰʌṣ̌	čʰʌš	čʰʌš
Backstrom-1992-210c-65	Burushaski-65	flower	ɑsˈqur	ɑsˈqur	ɑsˈqur	ɑsˈqur	ɑsˈqur	ɑsˈqur	ɑsˈqur	gʌmˈburi	gʌmˈburi
Backstrom-1992-210c-66	Burushaski-66	fruit	pʰʌlpʰruṭ	miˈwʌ	miˈwʌ	miˈwʌ	miˈwʌ	meˈwʌ	meˈwʌ	meˈwɑ	miˈwʌ
Backstrom-1992-210c-67	Burushaski-67	mango	ɑˑm	ɑˑm	ɑˑm	ɑˑm	ɑˑm	ɑˑm	ɑˑm	ɑˑm	ɑˑm
Backstrom-1992-210c-68	Burushaski-68	banana	keˈlʌ	keˈlʌ	keˈlʌ	kiˈlʌ	keˈlɑ	kiˈlʌ	kiˈlʌ	keˈlʌ	kɪˈlʌ
Backstrom-1992-210c-69	Burushaski-69	wheat	gur	gur	gur	gur	gur	gur	gur	gur	gur
Backstrom-1992-210c-70	Burushaski-70	millet	bʌỵ	bʌỵ	bʌỵ	bʌỵ	bʌỵ	bʌỵ	bʌỵ	bʌʰ	bʌʰ
Backstrom-1992-210c-71	Burushaski-71	rice	brʌs	brʌs	brʌs	brʌs	brʌs	briu	brɪu	grinč	grinč
Backstrom-1992-210c-72	Burushaski-72	potato	ɑˈlu	ɑˈlu	ɑˈlu	ɑˈlu	ɑˈlu	ɑˈlu	ɑˈlu	ɑˈlu	ɑˈlu
Backstrom-1992-210c-73	Burushaski-73	eggplant	beŋˈgʌn	beŋˈgʌn	ṣ̌eˈnʌ bɑˈlogʌn	ṣ̌ɪˈnɑ ˈbɑlogʌn	ṣ̌ɪˈnɑ ˈbɑlogʌn	ˈṣ̌eenʌ bɑˈlogʌn		pʌṭigɑn	ṣ̌eˑn bɑˈlogʌn
Backstrom-1992-210c-74	Burushaski-74	groundnut	muŋpʰʌˈli	mumpʰʌˈli	mumpʰʌˈli	mumpʰʌˈli	mumpʰʌˈli	mumpʰʌˈli	mumpʰʌˈli	mumpʰʌˈli	mumpʰʌˈli
Backstrom-1992-210c-75	Burushaski-75	chili	ˈmɑručo	ˈmɑrɪčo	ˈmɑrɪčo	ˈmɑričo	ˈmɑručo	ˈmɑruč	ˈmɑručo	mɑrč	mɑrč
Backstrom-1992-210c-76	Burushaski-76	turmeric	siˈŋur	hɑˈlɪč̣i	hɑˈlɪč̣i	hɑˈlič̣i	hɑˈlič̣i	hɑˈlič̣i	hɑˈlič̣i	zɛsčʌˈwɑ	žirčɑˈwʌ
Backstrom-1992-210c-77	Burushaski-77	garlic	bʊqˈpʌ	bʊqˈpʌ	bʊqˈpʌ	boqˈpʌ	boqˈpʌ	bʊqˈpʌ	bʊqˈpʌ	wʌẓ̌ˈnu	uẓ̌ˈnu
Backstrom-1992-210c-78	Burushaski-78	onion	g̣ʌˈšu	g̣ɑˈšu	g̣ɑˈšu	g̣ɑˈšu	ɣɑˈšu	g̣ɑˈšu	ɣɑˈšu	ɣɑˈšu	ɣɑˈšu
Backstrom-1992-210c-79	Burushaski-79	cauliflower	pʰul gobi	gobi	gobi	gobi ˈyɑṭumut͡s	tʰʌr gobi	gobi	pʰul gobi	pʰul gobi	bʌn gubi
Backstrom-1992-210c-80	Burushaski-80	tomato	bɑˈlogʌn	bɑˈlogʌn	bɑˈlogʌn	bɑˈlogʌn	bɑˈlogʌn	bɑˈlogʌn	bɑˈlogʌn	bɑˈlugun	bɑˈlugun
Backstrom-1992-210c-81	Burushaski-81	cabbage	gobi	gobi	bʌn gobi	gobi	bʌn gobi	mɑltʌṣ̌ gobi	bʌn gobi	bʌnd gobi	gobi
Backstrom-1992-210c-82	Burushaski-82	oil (cooking)	dɛl	dɛl	dɛl	dɛl	dɛl	dɛl	dɛl	dɪl	dɪl
Backstrom-1992-210c-83	Burushaski-83	salt	bɑˈyu	bɑˈyu	bɑˈyu	bɑˈyu	bɑˈyu	bɑˈyu	bɑˈyu	bɑˈyu	bɑˈyu
Backstrom-1992-210c-84	Burushaski-84	meat	čʰʌp	čʰʌp	čʰʌp	čʰʌp	čʰʌp	čʰʌp	čʰʌp	čʰʌp	čʰʌp
Backstrom-1992-210c-85	Burushaski-85	fat (part of meat)	bis	bis	bis	bis	bis	bis	bis	bɛs	bɛs
Backstrom-1992-210c-86	Burushaski-86	fish	ˈčʰumo	ˈčʰumo	ˈčʰumo	ˈčʰumo	ˈčʰumo	ˈčʰumo	ˈčʰumo	ˈčʰumo	ˈčʰumo
Backstrom-1992-210c-87	Burushaski-87	chicken (hen)	qɑrqɑˈɑmut͡s	qɑrqɑˈɑmut͡s	qɑrqɑˈɑmut͡s	qɑrqɑˈɑmut͡s	qɑrqɑˈɑmut͡s	qɑrqɑˈɑmut͡s	qɑrqɑˈɑmut͡s	qɑrˈqɑɑmuš	qɑrˈqɑɑmuš
Backstrom-1992-210c-88	Burushaski-88	one egg	tiˈŋʌn	tiˈnʌn	tiˈŋʌn	tiˈnʌn	tiˈŋʌn	tiˈgʌn	tiˈyʌn	tiˈŋʌn	tiˈŋʌn
Backstrom-1992-210c-89	Burushaski-89	cow	buˈɑ	buˈɑ	buˈɑ	buˈɑ	buˈɑ	buˈɑ	buˈɑ	biˈʌ	biˈʌ
Backstrom-1992-210c-90	Burushaski-90	buffalo	hiṣ̌mɑˈhiiṣ̌	hiṣ̌mɑˈhiiṣ̌	hiṣ̌mɑˈhiiṣ̌	hiṣ̌mɑˈhiiṣ̌	hiṣ̌mɑˈhiiṣ̌	hiiṣ̌mɑˈỵuṣ̌	bɛ̃ns	gʌˈmɛṣ̌	gʌˈmɛṣ̌
Backstrom-1992-210c-91	Burushaski-91	milk	mɑˈmu	mɑˈmu	mɑˈmu	mɑˈmu	mɑˈmu	mɑˈmu	mɑˈmo	mɑˈmu	mɑˈmu
Backstrom-1992-210c-92	Burushaski-92	horn	tur	tur	ɪlˈturiṣ̌	tur	tur	tur	tur	tur	tur
Backstrom-1992-210c-93	Burushaski-93	tail	ɪˈsumʌl	iˈsumɑl	iˈsumɑl	iˈsumɑl	iˈsumɑl	iˈsumɑl	iˈsumɑl	ˈšɪlʌn	ˈšɪlʌn
Backstrom-1992-210c-94	Burushaski-94	goat	t͡sʰiˈir	t͡sʰiˈir	t͡sʰiˈir	t͡sʰiˈir	t͡sʰiˈir	t͡sʰɪˈgir	t͡sʰɪˈgir	t͡siˈgir	t͡sɪˈgir
Backstrom-1992-210c-95	Burushaski-95	dog	huk	huk	huk	huk	huk	huk	huk	huk	huk
Backstrom-1992-210c-96	Burushaski-96	snake	tol	tol	tol	tol	tol	tol	tol	tul	tul
Backstrom-1992-210c-97	Burushaski-97	monkey	šɛˈdi	šʌˈdi	šɛˈdi	šʌˈdi	šʌˈdi	šʌˈdi	šʌˈdi	ˈšʊdi	bulˈyʌ
Backstrom-1992-210c-98	Burushaski-98	mosquito	šɪˈkʌr	ˈkʰišo	ˈkʰišo	ˈkʰišo	ˈkʰišo	ˈpʰič̣o	ṣ̌ɪˈqʌl	ˈkʰišo	ˈkʰišo
Backstrom-1992-210c-99	Burushaski-99	ant	kʰʊn	kʰon	kʰon	kʰon	kʰon	kʰʊn	kʰon	pɪˈliili	pɪˈliili
Backstrom-1992-210c-100	Burushaski-100	spider	pʰiˈrʌn	pʰɪˈrʌn	pʰɪˈrʌn	pʰiˈrʌn	pʰiˈrʌn	tʌlʌˈbuḍo	tʌlʌˈbuḍo	gɪˈṣ̌ʌṣ̌kɪn	gʌˈṣ̌ɪṣ̌kɪn
Backstrom-1992-210c-101	Burushaski-101	name	iˈik	iˈik	iˈik	iˈik	iˈik	iˈik	iˈik	yɪk	yɪk
Backstrom-1992-210c-102	Burushaski-102	man	hɪr	hɪr	hɪr	hir	hir	hir		hɪr	hɪr
Backstrom-1992-210c-103	Burushaski-103	woman	gus	gus	gus	gus	gus	gus	gus	gus	gus
Backstrom-1992-210c-104	Burushaski-104	child	gɪˈỵɑɑs	gɪˈỵɑɑs	gɪˈỵɑɑs	gɪˈỵɑɑs / hɪˈlɛs	hɪˈlɛs / gɪỵɑɑs	hiˈlʌs	hɪˈlɛs / giˈỵɑɑs	hɑˈlɛs / ˈdulʌs	hɑˈlɛs
Backstrom-1992-210c-105	Burushaski-105	father	yuˑ	yuˑ	yuˑ	yuˑ	yuˑ	yuˑ	yuˑ	ˈtʌti	ˈtʌti
Backstrom-1992-210c-106	Burushaski-106	mother	ˈimi	ˈimi	ˈimi	ˈimi	ˈimi	ˈimi	ˈimi	ˈnɑni	ˈnɑni
Backstrom-1992-210c-107	Burushaski-107	older brother	uˈyum ˈɛč̣o	uˈyum ˈɛč̣o	uˈyum ˈɛč̣o	uˈyum ˈɛč̣o	uˈyum ˈɛč̣o	uˈyum ˈɛč̣o	uˈyum ˈɛč̣o	nu ˈɛč̣o	nʸu ˈɛč̣o
Backstrom-1992-210c-108	Burushaski-108	younger brother	ǰoṭ ˈɛč̣o	ǰoṭ ˈɛč̣o	ǰoṭ ˈɛč̣o	ǰoṭ ˈɛč̣o	ǰoṭ ˈɛč̣o	ǰoṭ ˈɛč̣o	ǰoṭ ˈɛč̣o	ɛčoɣʊn ˈɛč̣o	ɛčoɣʊn ˈɛč̣o
Backstrom-1992-210c-109	Burushaski-109	older sister	uˈyum yʌs	uˈyum yʌs	uˈyum yʌs	uˈyum yʌs	uˈyum yʌs	uˈyum yʌs	uˈyum yʌs	nu yʌst	num yʌst
Backstrom-1992-210c-111	Burushaski-110	son	iˈi	iˈi	iˈi	iˈi	iˈi	iˈi	iˈi	yɪˈɪ	yɪˈɪ
Backstrom-1992-210c-112	Burushaski-111	daughter	ˈei	ˈei	ˈei	ˈei	ˈei	ˈei	ˈei	eˈi	ˈei
Backstrom-1992-210c-113	Burushaski-112	husband	muˈuyɑr	muˈuyɑr	muˈuyɑr	muˈuyɑr	muˈuyɑr	muˈuyɑr	muˈuyʌr	ˈyuhʌr	muˈyuwʌr
Backstrom-1992-210c-114	Burushaski-113	wife	yuˈus	yuˈus	yuˈus	yuˈus	yuˈus	yuˈus	yuˈus	us	us
Backstrom-1992-210c-115	Burushaski-114	boy	hiˈlɛs	hiˈlɛs	hiˈlɛs	hiˈlɛs	hiˈlɛs	hiˈlʌs	hɪˈlɛs	ˈhɑlɛs	ˈhɑlɛs
Backstrom-1992-210c-116	Burushaski-115	girl	dʌˈsin	dʌˈsin	dʌˈsɪn	dʌˈsin	dʌˈsin	dʌˈsin	dʌˈsin	dɑˈsɛn	dɑˈsɛn
Backstrom-1992-210c-117	Burushaski-116	day	gunt͡s	gunt͡s	gunt͡s	gunt͡s	gunt͡s	gunt͡s	gunt͡s	gunz	gunt͡s
Backstrom-1992-210c-118	Burushaski-117	night	tʰʌp	tʰʌp	tʰʌp	tʰʌp	tʰʌp	tʰʌp	tʰʌp	tʰʌp	tʰʌp
Backstrom-1992-210c-119	Burushaski-118	morning	ˈt͡sʰordinɛ	ˈt͡sʰordimo	ˈt͡sʰordimo	ˈt͡sʰordimo	ˈt͡sʰordinɛ	ˈt͡sʰoordi	t͡sʰoˈordimo	gunˈč̣ʌtiŋ	gunˈč̣ʌtiŋɛ
Backstrom-1992-210c-120	Burushaski-119	noon	duˈɣuy	duˈɣuy	doˈɣoy		duˈɣuy	doˈɣoy	doˈɣoymo	doˈɣoy	doˈɣoy
Backstrom-1992-210c-121	Burushaski-120	evening	šɑˈɑm	šɑˈɑm	sɑˈɑsɑṭumo	šɑˈɑm	šɑˈɑm	šɑˈɑm	šɑˈɑm	šɑm	šɑm
Backstrom-1992-210c-122	Burushaski-121	yesterday	sʌbuˈur	sʌbuˈur	sʌbuˈur	sɑbuˈur	sɑbuˈur	sɑbuˈur	sɑbuˈur	sɑˈɑtik	sɑˈɑtik
Backstrom-1992-210c-123	Burushaski-122	today	kʰuulto	kʰuulto	kʰuulto	kʰuulto	kʰuulto	kʰuulto	kʰuulto		ɑkʰuˈiŋ
Backstrom-1992-210c-124	Burushaski-123	tomorrow	ˈǰimɑle	ˈǰimɑle	ˈǰimɑle	ˈǰimɑle	ˈǰimɑle	ˈǰimʌle	ˈǰimʌle	gunˈč̣ʌṭ	gunˈč̣ʌṭ
Backstrom-1992-210c-125	Burushaski-124	week	ɑlˈtɑɑŋut͡s	ɑlˈtɑɑŋut͡s	ɑlˈtɑɑŋut͡s	ɑlˈtɑɑnut͡s	ɑlˈtɑɑŋut͡s	ɑlˈtɑɑŋut͡s	tʰʌˈlekut͡s	tʰɑˈlekut͡s / ˈhʌftʌ	tʰɑˈlʊkut͡s
Backstrom-1992-210c-126	Burushaski-125	month	ˈhɪsɑ	ˈhisɑ	ˈhisɑ	ˈhisɑ	ˈhisɑ	ˈhisʌ	ˈhisʌ	ˈhɪsɑ	ˈhɪsɑ
Backstrom-1992-210c-127	Burushaski-126	year	yoˈol / dɛn	yoˈol	yoˈol / dɛn	yoˈol	yoˈol	yoˈol	yoˈol	dɪn	dɛn
Backstrom-1992-210c-128	Burushaski-127	old (thing)	meˈen	meˈen	meˈen	meˈen	meˈen	meˈen	meˈen	ˈmɑyʊn	mɑˈyɛn
Backstrom-1992-210c-129	Burushaski-128	new	tʰoṣ̌	tʰoṣ̌	tʰoṣ̌	tʰoṣ̌	tʰoṣ̌	tʰoṣ̌	tʰoṣ̌	tʰoṣ̌	tʰoṣ̌
Backstrom-1992-210c-130	Burushaski-129	good	šuɑ	šuɑ	šuɑ	šuɑ	šuɑ	šuɑ	šuɑ	šuɑ	šuɑ
Backstrom-1992-210c-131	Burushaski-130	bad	g̣uniqɪṣ̌	g̣uˈnɛqɪṣ̌	g̣uˈnɛqɪṣ̌	g̣uˈniqɪṣ̌	ɣuˈniqiṣ̌	g̣ʌˈnɛqɪṣ̌	ɣoˈnɛqɪṣ̌	šum	šum
Backstrom-1992-210c-132	Burushaski-131	wet	hɑˈɣum	hɑˈɣum	hɑˈɣum	hɑˈɣum		hɑˈɣum	hɑˈɣum	zʌ	zʌ
Backstrom-1992-210c-133	Burushaski-132	dry	yuˈuỵum	yuˈuỵum	yuˈuỵum	yuˈuỵum	yuˈuỵum	yuˈuỵum	yuˈuỵum	biˈyʌm	biˈyʌm
Backstrom-1992-210c-134	Burushaski-133	long (horizontal)	g̣oˈsɑnum	g̣oˈsɑnum	g̣oˈsɑnum	g̣oˈsɑnum	ɣoˈsɑnum	g̣oˈsɑnum	ɣoˈsɑnum	ɣoˈsɑnum	ɣoˈsɑnum
Backstrom-1992-210c-135	Burushaski-134	short	kʰuṭ	čʰʌṭ	čʰʌṭ	čʰʌṭ	kʰuṭ	kʰuṭ / čʰʌṭ	kʰuṭ / čʰʌṭ	čʰʌṭ	čʰʌṭ
Backstrom-1992-210c-136	Burushaski-135	hot	gɑˈrurum	gɑˈrurum	gɑˈrurum	gɑˈrurum	gɑˈrurum	gʌˈruum	gʌˈruum	gʌruˈum	gʌruˈum
Backstrom-1992-210c-137	Burushaski-136	cold	čʰɑˈɣurum	čʰɑˈɣurum	čʰɑˈɣurum	čʰɑˈɣurum	čʰɑˈɣurum	čʰɑˈɣurum	čʰɑˈɣurum	čʰɑˈɣoorum	čʰɑˈɣoorum
Backstrom-1992-210c-138	Burushaski-137	right	ˈdoỵpɑ	ˈdoỵpɑ	ˈdoỵpɑ	ˈdoỵpɑ	ˈdoỵpɑ	ˈdoỵpɑ	ˈdoỵpɑ	ˈdoomo	ˈdoomo
Backstrom-1992-210c-139	Burushaski-138	left	ˈg̣ɑỵpɑ	ˈg̣ɑỵpɑ	ˈg̣ɑỵpɑ	ˈg̣ɑỵpɑ	ˈɣɑỵpɑ	ˈg̣ɑỵpɑ	ˈg̣ɑỵpɑ	ˈɣɑɑmo	ˈɣɑɑmo
Backstrom-1992-210c-140	Burushaski-139	near	ɑsiˈir	ɑsiˈir	ɑsiˈir	ɑsiˈir	ɑsiˈir	ɑsiˈir	ɑsiˈir	ɑsuˈur	ɑsuˈur
Backstrom-1992-210c-141	Burushaski-140	far	mɑˈtʰʌn	mɑˈtʰʌn	mɑˈtʰʌn	mɑˈtʰʌn	mɑˈtʰʌn	mɑˈtʰʌn	mɑˈtʰʌn	mɑˈtʰʌn	mɑˈtʰʌn
Backstrom-1992-210c-142	Burushaski-141	big	uˈyum	uˈyum	uˈyum	uˈyum	uˈyum	uˈyum	uˈyum	nʸũ	nʸu
Backstrom-1992-210c-143	Burushaski-142	small	ǰoṭ	ǰoṭ	ǰoṭ	ǰoṭ	ǰoṭ	ǰoṭ	ǰoṭ	ˈɛčoɣʊn	ˈɛčoɣʊn
Backstrom-1992-210c-144	Burushaski-143	heavy	t͡sʰuˈum	t͡sʰuˈum	t͡sʰuˈum	t͡sʰuˈum	t͡sʰuˈum	t͡sʰuˈum	t͡sʰuˈum	t͡sʰuˈlum	t͡sʰuˈlum
Backstrom-1992-210c-145	Burushaski-144	light	huˈmɑlkum	huˈmɑlkum	huˈmɑlkum	huˈmɑlkum	huˈmɑlkum	huˈmɑlkum	huˈmɑlkum	huˈmɑlkum	huˈmɑlkum
Backstrom-1992-210c-146	Burushaski-145	above	ˈyʌṭe	ˈyʌṭe	ˈyʌṭe	ˈyʌṭe	ˈyʌṭe	ˈyʌṭe	ˈyʌṭe	ˈyʌṭe	ˈyʌṭe
Backstrom-1992-210c-147	Burushaski-146	below	ˈyɑɑre	ˈyɑɑre	ˈyɑɑre	ˈyɑɑre	ˈyɑɑre	ˈyɑɑre	ˈyɑɑre	ˈyɑɑre	ˈyɑɑre
Backstrom-1992-210c-148	Burushaski-147	white	buˈrum	buˈrum	buˈrum	buˈrum	buˈrum	buˈrum	buˈrum	buˈrum	buˈrum
Backstrom-1992-210c-149	Burushaski-148	black	mɑˈtum	mɑˈtum	mɑˈtum	mɑˈtum	mɑˈtum	mɑˈtum	mɑˈtum	mɑˈtum	mɑˈtum
Backstrom-1992-210c-150	Burushaski-149	red	ˈbɑɑrdum	ˈbɑɑrdum	ˈbɑɑrdum	ˈbɑɑrdum	ˈbɑɑrdum	ˈbɑɑrdum	ˈbɑɑrdum	ˈbɑɑrdum	ˈbɑɑrdum
Backstrom-1992-210c-151	Burushaski-150	one	hʌn	hʌn	hʌn	hʌn	hʌn	hʌn	hʌn	hʌn	hʌn
Backstrom-1992-210c-152	Burushaski-151	two	ɑlˈtʌ (m.)	ɑlˈtʌ (m.)	ɑlˈtʌ (m.)	ɑlˈtʌ (m.)	ɑlˈtʌ (m.)	ɑlˈtʌt͡s (m.)	ɑlˈtʌt͡s (m.)	ɑɬˈto (f.)	ɑɬˈto (f.)
Backstrom-1992-210c-153	Burushaski-152	three	usˈko (m.)	usˈko (m.)	usˈko (m.)	usˈko (m.)	usˈko (m.)	usˈko (m.)	usˈko (m.)	ɪsˈki (f.)	ɪsˈki (f.)
Backstrom-1992-210c-154	Burushaski-153	four	ˈwɑɑlto (m.)	ˈwɑɑlto (m.)	ˈwɑɑlto (m.)	ˈwɑɑlto (m.)	ˈwɑɑlto (m.)	ˈwɑɑlto (m.)	ˈwɑɑlto (m.)	ˈwɑɑɬte (f.)	ˈwɑɑɬte (f.)
Backstrom-1992-210c-155	Burushaski-154	five	t͡sʰunˈdo (m.)	t͡sʰunˈdo (m.)	t͡sʰunˈdo (m.)	t͡sʰunˈdo (m.)	t͡sʰunˈdo (m.)	t͡sʰunˈdo (m.)	t͡sʰunˈdo (m.)	t͡sɪnˈdi (f.)	t͡sɪnˈdi (f.)
Backstrom-1992-210c-156	Burushaski-155	six	mɪˈšindo (m.)	mɪˈšindo (m.)	mɪˈšindo (m.)	miˈšindo (m.)	miˈšindo (m.)	miˈšindo (m.)	mɪˈšɪndo (m.)	mɪˈšɪnde (f.)	bɪˈšɪnde (f.)
Backstrom-1992-210c-157	Burushaski-156	seven	tʰʌˈlo (m.)	tʰʌˈlo (m.)	tʰʌˈlo (m.)	tʰʌˈlo (m.)	tʰʌˈlo (m.)	tʰʌˈlo (m.)	tʰʌˈlo (m.)	tʰɑɑˈle (f.)	tʰɑɑˈle (f.)
Backstrom-1992-210c-158	Burushaski-157	eight	ɑlˈtɑmbo (m.)	ɑlˈtɑmbo (m.)	ɑlˈtɑmbo (m.)	ɑlˈtɑmbo (m.)	ɑlˈtɑmbo (m.)	ɑlˈtɑmbo (m.)	ɑlˈtɑmbo (m.)	ɑɬˈtʌmbe (f.)	ɑɬˈtʌmbe (f.)
Backstrom-1992-210c-159	Burushaski-158	nine	hunˈčo (m.)	hunˈčo (m.)	hunˈčo (m.)	hunˈčo (m.)	hunˈčo (m.)	hunˈčo (m.)	hunˈčo (m.)	huˈṭi (f.)	huˈṭi (f.)
Backstrom-1992-210c-160	Burushaski-159	ten	ˈtoorumo	ˈtoorumo	ˈtoorumo	ˈtoorumo	ˈtoorumo	ˈtoorumo	ˈtoorumo	ˈtoorum	ˈtoorum
Backstrom-1992-210c-161	Burushaski-160	eleven	ˈturmɑ hʌn	ˈturmɑ hʌn	ˈturmɑ hʌn	ˈturmɑ hʌn	ˈturmɑ hʌn	ˈturmɑ hʌn	ˈturmɑ hʌn	ˈturmɑ hʌn	ˈturmɑ hʌn
Backstrom-1992-210c-162	Burushaski-161	twelve	ˈturmɑ ɑlˈtʌ	ˈturmɑ ɑlˈtʌ	ˈturmɑ ɑlˈtʌ	ˈturmɑ ɑlˈtʌ	ˈturmɑ ɑlˈtʌ	ˈturmɑ ɑlˈtʌt͡s	ˈturmɑ ɑlˈtʌt͡s	ˈturmɑ ɑɬto	ˈturmɑ ɑɬto
Backstrom-1992-210c-163	Burushaski-162	twenty	ˈɑltʌr	ˈɑltʌr	ˈɑltʌr	ˈɑltʌr	ˈɑltʌr	ˈɑltʰɑr	ˈɑltʰɑr	ˈɑɬtʌr	ˈɑɬtɑr
Backstrom-1992-210c-164	Burushaski-163	one hundred	tʰɑ	tʰɑ	tʰɑ	tʰɑ	tʰɑ	tʰɑ	tʰɑ	tʰʌ	tʰʌ
Backstrom-1992-210c-165	Burushaski-164	who	ˈmɛnʌn	ˈmɛnʌn	ˈmɛnʌn	ˈmɛnʌn	ˈmɛnʌn		ˈmɛnɛn	mɛn	mɛn
Backstrom-1992-210c-166	Burushaski-165	what	ˈbɛsʌn	ˈbɛsʌn	ˈbɛsʌn	ˈbɛsʌn	ˈbɛsʌn	ˈbɛsʌn	ˈbɛsʌn	ˈboo	ˈboo
Backstrom-1992-210c-167	Burushaski-166	where	ˈɑmulo	ˈɑmulo	ˈɑmulo	ˈɑmulo	ˈɑmulo	ˈɑmʌli	ˈɑmʊli	ˈɑne	
Backstrom-1992-210c-168	Burushaski-167	when	ˈbɛšʌl	ˈbɛšʌl	ˈbɛšʌl	ˈbɛšʌl	ˈbɛšʌl	ˈbɛšʌl	ˈbɛšʌlɛ	ˈbʌšʌ	ˈbɑšɛ
Backstrom-1992-210c-169	Burushaski-168	how much	ˈbeʌrum	ˈbeʊrum	ˈbeʊrum	ˈbeʌrum	ˈbeʌrum	ˈbeerum	ˈbeerum	ˈbeerum	ˈbeerum
Backstrom-1992-210c-170	Burushaski-169	which	ˈɑmis	ˈɑmis	ˈɑmis	ˈɑmis	ˈɑmis	ˈɑmis	ˈɑmis	ˈɑmɪs	ˈɑmɛs
Backstrom-1992-210c-171	Burushaski-170	this	guˈse	guˈse	guˈse	guˈse	guˈse	kuˈsɛ	kuˈsɛ	gʊˈsɛ	gɪˈsɛ
Backstrom-1992-210c-172	Burushaski-171	that	iˈse	iˈse	iˈse	iˈse	iˈse	ɛˈsɛ	ɛˈsɛ	sɛ	sɛ
Backstrom-1992-210c-173	Burushaski-172	these	guˈt͡se	guˈt͡se	guˈt͡se	guˈt͡se	guˈt͡se	kuˈt͡sɛ	kuˈt͡sɛ	guˈt͡sɛ	gʊˈt͡sɛ
Backstrom-1992-210c-174	Burushaski-173	those	iˈt͡se	iˈt͡se	iˈt͡se	iˈt͡se	iˈt͡se	ɛˈt͡sɛ	ɛˈt͡sɛ	t͡sɛ	t͡se
Backstrom-1992-210c-176	Burushaski-174	different	ˈtʰumɪšo	ˈtʰumɪšo	ˈtʰumɪšo	ˈtʰumɪšo	ˈtʰumɪšo	ˈtʰumišo	ˈtʰumišo	tʰum	tʰum tʰum
Backstrom-1992-210c-177	Burushaski-175	whole (unbroken)	tɑzɑ				tɑzɑ			tɑzɑ	
Backstrom-1992-210c-179	Burushaski-176	few	ˈkʌmʌn	ˈkʌmʌn	ˈkʌmʌn	ˈkʌmʌn	ˈkʌmʌn	ˈkʌmʌn	ˈkʌmʌn		ˈkʌmʌn
Backstrom-1992-210c-180	Burushaski-177	many	buṭ	buṭ	buṭ	buṭ	buṭ	buṭʰ	buṭʰ	buṭʰ	buṭʰ
Backstrom-1992-210c-181	Burushaski-178	all	uˈyoon	uˈyoon	uˈyoon	uˈyoon	uˈyoon	uˈyoon	uˈyoon	sʌo̥	sʌo̥
Backstrom-1992-210c-182	Burushaski-179	eat!	ṣ̌i	ṣ̌i	ṣ̌i	ṣ̌i	ṣ̌i	ṣ̌i	ṣ̌i	ṣ̌e	ṣ̌e
Backstrom-1992-210c-183	Burushaski-180	(the dog) bites	č̣ʌṭ ɛčibi	č̣ʌṭ ɛčibi	č̣ʌṭ ɛčibi	č̣ʌṭ ɛtimi	č̣ʌṭ ɛtibi		č̣ɑṭ ɛčibi	ṣ̌ɪmbi	miˈṣ̌uč̣umbi
Backstrom-1992-210c-184	Burushaski-181	(you) are hungry	ˈč̣ʰʌmine bɑ	ˈč̣ʰʌmine bɑ	ˈč̣ʰʌmine bɑ	ˈč̣ʰʌmine bɑ	ˈč̣ʰʌmine bɑ	ˈč̣ʰɑmine bɑ	ˈč̣ʰɑmine bɑ	č̣ʰʌm bɑ	č̣ʰʌm bɑ
Backstrom-1992-210c-185	Burushaski-182	drink!	miˈnɛ	miˈnɛ	miˈnɛ	miˈnɛ	miˈnɛ	miˈnɛ	miˈnɛ	mɛˈnɛ	mɛˈnɛ
Backstrom-1992-210c-186	Burushaski-183	(you are) thirsty	guˈuỵwɑ	guˈuỵo	guˈuỵo	guˈuỵo	guˈuỵum	guˈuỵ	guˈuỵ	guˈɑnum	guˈɑnum
Backstrom-1992-210c-187	Burushaski-184	sleep!	ˈgoyɛn	ˈgoyɛn	ˈgoyɛn	ˈgoyɛn	ˈgoyɛn	ˈgoyɛn	ˈgoyɛn	ˈgoyɛn	ˈgoyɛn
Backstrom-1992-210c-188	Burushaski-185	lay down!	ǰ̣eˈek mɑˈnɛ	ǰ̣eˈek mɑˈnɛ	ǰ̣eˈek mɑˈnɛ	ǰ̣eˈek mɑˈnɛ	ǰ̣eˈek mɑˈnɛ	ǰ̣eˈek mʌn	ǰ̣eˈek mʌn		ɑˈrɑmuṭ
Backstrom-1992-210c-189	Burushaski-186	sit!	uru	uru	uru	uru	huru	huˈru	uruṭʰ	huˈruṭ	huˈruṭ
Backstrom-1992-210c-190	Burushaski-187	give!	ǰoˈo	ǰoˈo	ǰoˈo	ǰoˈo	ǰoˈo	ǰʌˈo	ǰʌˈo	ɑˈu	ɑˈu
Backstrom-1992-210c-191	Burushaski-188	burn! (trans.)	ˈɛsqul	ˈɛsqul	ˈɛsqul	ˈɛsqul	ˈɛsqul	ˈɛsqul	ˈɛsqul	ˈɛsqul	ˈɛsqul
Backstrom-1992-210c-192	Burushaski-189	(he) died	iˈirimi	iˈirimi	iˈirimi	iˈirimi	iˈirimi	iˈirimi	iˈirimi	yuˈuri	yuˈuri
Backstrom-1992-210c-193	Burushaski-190	beat!	ˈdɛli	ˈdɛli	ˈdɛli	ˈdɛli	ˈdɛli	ˈdɛli	ˈdɛli	dɪl	dɪl
Backstrom-1992-210c-194	Burushaski-191	(the bird) flies	duˈwɑlǰibi	duˈwɑlǰibi	duˈwɑlǰibi	duˈwɑlǰibi	duˈwɑlǰibi	hɑrt	hɑrt	duwɑlčʊm bi	duwɑlčʊm bi
Backstrom-1992-210c-195	Burushaski-192	walk!	guˈt͡sʰɑr	guˈt͡sʰɑr	guˈt͡sʰɑr	guˈt͡sʰɑr	guˈt͡sʰɑr	gut͡sʰɑr	gut͡sʰɑr	gut͡sʰɑr	gʊn
Backstrom-1992-210c-196	Burushaski-193	run!	gɑɑrt͡s	gɑɑrt͡s	gɑɑrt͡s		gɑɑrt͡s	gɑɑrt͡s	gɑɑrt͡s	huˈwɛ	huˈwɛ
Backstrom-1992-210c-197	Burushaski-194	go!	ni	ni	ni		ni	niʰ	niʰ	nɛʰ	
Backstrom-1992-210c-198	Burushaski-195	come!	ǰ̣u	ǰ̣u	ǰ̣u	ǰ̣u	ǰ̣u	ǰ̣u	ǰ̣u	ǰ̣o	ro
Backstrom-1992-210c-199	Burushaski-196	speak!	ˈčɑɣɑ e	ˈčɑɣɑ e	ˈčɑɣɑ e	ˈčɑɣɑ ɛ	ˈčɑɣɑ ɛ	ˈčɑɣɑ ɛti	ˈčɑɣɑ ɛti		
Backstrom-1992-210c-200	Burushaski-197	listen! / hear!	duˈkoyɛl	duˈkoyɛl	duˈkoyɛl	duˈkoyɛl	duˈkoyɛl	duˈkoyɛl	duˈkoyɛl	guɬˈtumʌl ɛt	guɬˈtumʌl ɛt
Backstrom-1992-210c-201	Burushaski-198	look!	bɑˈrɛn	bɑˈrɛn	bɑˈrɛn	bɑˈrɛn	bɑˈrɛn	bɑˈrɛn	bɑˈrɛn	ˈɣɑɑn	ˈɣɑɑn
Backstrom-1992-210c-202	Burushaski-199	I	ǰɛ	ǰɛ	ǰɛ	ǰɛ	ǰɛ	ǰɛ	ǰɛ	ǰʌ	ǰʌ
Backstrom-1992-210c-203	Burushaski-200	you	un	un	un	un	un	um	um	un	
Backstrom-1992-210c-205	Burushaski-201	he	in	in	in	in	in	in	in	nɛ	nɛ
Backstrom-1992-210c-206	Burushaski-202	she	in	in	in	in	in	in	in	mo	mo
Backstrom-1992-210c-207	Burushaski-203	we	mi	mi	mi	mi	mi	mi	mi	mi	mi
Backstrom-1992-210c-209	Burushaski-204	you (plural)	mɑ	mɑ	mɑ	mɑ	mɑ	mɑ	mɑ	mɑ	mɑ
Backstrom-1992-210c-210	Burushaski-205	they	u	u	u	u	u	u	u		
