GLOSS ID	LIST ID	ENGLISH	GUP	PUN	HUN	NAG	CLT	GIL	SAS	BAG	BUN	RON	GOH	DSH	AST	KAC	SAT	GUL	KRM	DRS	CHK	CHJ	DAR	TAN	SAZ	HAR	JAL	PAL	KOL
Backstrom-1992-210f-1	Shina-1	body	kɑˈli̱p / ḍɪm	kɑˈlɪp	ḍi̱m	ḍɪ̱m	ḍɪ̱m	ḍɪ̱m	ḍɪm	ḍɪm	ḍɪ̱m	ḍɪm	ḍɪm	ḍɪm	ḍɪm	ḍɪm	ḍɪm	ḍɪm	ḍɪm	ḍɪ̱m	ḍɪm	ḍɪm	suˈrʌt	suˈrʌt / ḍɪm	suˈrʌt	suˈrʌt / ḍɪm	suˈrʌt	suˈrʌt	suˈrʌtʰ
Backstrom-1992-210f-2	Shina-2	head	ṣ̌ɪṣ̌	ṣ̌ɪṣ̌	ṣ̌ɪṣ̌	ṣ̌ɪ̱ṣ̌	ṣ̌ɪṣ̌	ṣ̌ɪ̱ṣ̌	ṣ̌ɪṣ̌	ṣ̌ɪṣ̌	ṣ̌ɪ̱ṣ̌	ṣ̌ɪṣ̌	ṣ̌ɪṣ̌	ṣ̌ɪṣ̌	ṣ̌ɪṣ̌	ṣ̌ɪṣ̌	ṣ̌ɪṣ̌	ṣ̌iṣ̌	ṣ̌ɪṣ̌	ṣ̌iṣ̌	ṣ̌ɪṣ̌	ṣ̌ɪṣ̌	ṣ̌ɪṣ̌	ṣ̌ɪṣ̌	ṣ̌ɪṣ̌	ṣ̌ɪṣ̌	ṣ̌ɪṣ̌	šɪš	ṣ̌ɪṣ̌
Backstrom-1992-210f-3	Shina-3	hair	ˈǰɑɑko̱	ˈǰɑɑko̱	ǰɑˈku	ǰɑˈku̱r	ǰɑˈkur̃	ǰɑˈkur̃	ǰɑˈkur̃	ǰɑˈkur̃	ǰɑˈku̱r	ǰɑˈkur	ǰɑˈkɛ	ˈǰɑɑko̱	ˈǰɑɑko̱	ǰ̣ɑˈkur	ǰɑˈkue	ǰɑɑˈku / ˈbɑɑlo	ǰɑˈku	ǰɑˈku	ǰɑˈkɛ̱	ǰɑˈkɛ̱	ˈǰɑkul	ˈǰɑkuri / ˈbɑlo	ˈǰɑkᵘi	ˈǰɑko ˈbɑlɛ	bɑl	ǰɑɑko̱ / bɑl	bɑl
Backstrom-1992-210f-4	Shina-4	face	mʊkʰ	mʊkʰ	mʊkʰ	mu̱kʰ	mu̱kʰ	mu̱kʰ	mʊkʰ	mʊkʰ	mʊ̱x / mʊkʰ	mukʰ	mukʰ	mʊkʰ	mʊkʰ	mukʰ	mukʰ	mukʰ	mu̱kʰ	mu̱kʰ	mukʰ	mukʰ	mukʰ	mukʰ	mukʰ	mukʰ	mʊkʰ	mʊkʰ	mukʰ
Backstrom-1992-210f-5	Shina-5	eye	ɑˈč̣ʰi	ɑˈč̣ʰi	ɑˈč̣ʰi	ɑˈč̣ʰi	ɑˈč̣ʰi	ɑˈč̣ʰi̱ / ɑˈṣ̌i	ɑˈč̣ʰi	ɑˈč̣ʰi	ɑ̱ˈṣ̌i	ʌˈč̣i	ʌč̣i	ɑˈč̣ʰi	ɑˈč̣ʰi	ʌˈč̣i	ʌˈč̣i	ɑˈč̣ʰi	ɑ̱ˈčʰi	ɑˈčʰe	ʌˈč̣i	ʌˈṣ̌i	ʌˈṣ̌i	ɑˈč̣ʰi	ʌˈč̣ʰi	ʌˈṣ̌i	ɑˈč̣i	ɑč̣i	ɑˈč̣i̱ / ɑˈṣ̌i
Backstrom-1992-210f-6	Shina-6	ear	koṇ	koṇ	ko̱n	ko̱n	ko̱n	ko̱n	kʌ̱n	kʌn	kʌṇ	koṇ	koṇ	ko̱ṇ	ko̱ṇ	koṇ	koṇ	koṇ	koṇ	koṇ	koṇ	koṇ	kon	koṇ	koṇ	koṇ	koṇ	ko̱ṇ	koṇ
Backstrom-1992-210f-7	Shina-7	nose	ˈnoto	ˈnotʰi̱ / ˈnoto	ˈnɑto̱	ˈnɑto̱	ˈnɑto̱	ˈnɑto̱	ˈnɑ̱to̱	ˈnɑ̱to̱	ˈnɑto	ˈnɑto	ˈnɑto	ˈnoto	ˈnoto	ˈnɑtʰo	ˈnotʰo	ˈnoto	ˈnoto	ˈnoto	ˈnotʰo̱	ˈnotʰo̱	notʰi	ˈnotʰo̱	notʰi̱	ˈnotʰi	ˈnotʰu̥ / ˈnotʰi̥	notʰu̥	ˈnotʰu̥
Backstrom-1992-210f-8	Shina-8	mouth	ˈɑ̃ɑ̃zo	ˈɑ̃ɑ̃zo	ʔɑ̃ĩ	ˈɑ̃ĩ	ʔɑ̃ĩ	ˈɑ̃ĩ	ɑ̃i	ɑ̃i	ʔɑ̱̃ĩ̱	ɑ̃ĩ	ʔɑ̃ĩz	ˈɑ̃zo	ˈɑ̃zo	ˈɑ̃zo / ˈɑ̃zi	ˈɑ̃zi	ˈɑ̃zo	ˈɑ̃zo	ˈɑ̃zo	ˈɑ̃zi̱	ˈɑ̃zi̱	ˈɑ̃zi	ˈɑ̃zi̱	ˈɑ̃zi	ˈɑ̃zi	ɑ̃z	ɑ̃z	ɑ̃iz
Backstrom-1992-210f-9	Shina-9	tooth	do̱n	do̱n	do̱n	don	do̱n	do̱n	don	do̱n	do̱n	do̱n	dun	do̱n	do̱n	do̱n	do̱n	do̱n	don	don	do̱n	do̱n	don	don	do̱n	don	do̱n	do̱n	do̱n
Backstrom-1992-210f-10	Shina-10	tongue	ǰip	ǰɪ̱p	ǰɪp	ǰi̱b	ǰɪp	ǰi̱p	ǰɪp	ǰɪp	ǰi̱p	ǰi̱p	ǰɪp	ǰɪ̱p	ǰɪ̱p	ǰ̣ɪp	žɪp	ǰi̱p	ǰi̱p / ži̱p	ǰi̱p	ǰɪp	ǰɪp	ǰip	ǰip	ǰip	ǰip	ǰɪp	žɪp / ǰɪp	ǰip
Backstrom-1992-210f-11	Shina-11	breast	ti̱ˈtiiro	ti̱ˈtiiro	tɑˈtiiro	tɪˈtɪro	tiˈtiiru	tɪˈtiiro	tɪˈtiiro	tɪˈtiir̃o	sinʌ	tɪˈtiiro / ˈsinɑ		sinʌ	sinʌ	ko	kṛo	kro	kro	ˈkro	tiˈtiiro / ˈhio	tiˈtiiro / ˈhio	hɪˈzil	hɪˈzɪl	hɪˈzɪl / ˈhio	hɪˈzɪl	či̱č / ˈhiu	čič / hiu	čɪč / ˈhiu
Backstrom-1992-210f-12	Shina-12	belly	ˈdeero	ˈdeero	dèér̃	ḍeér	ḍeér̃	ḍeér	ḍèér	ḍèér	ḍɛ̀ɛ́r̃	ḍeer	ḍeér	ḍèér	ḍèér	ḍeér	ḍeér	ḍèér	ḍeér	ḍɛɛr	ḍer	ḍer	ˈḍɛri	ˈḍɛri	ḍeér	ḍeér	ḍeér	ḍèér	ḍeer
Backstrom-1992-210f-13	Shina-13	arm	ˈšɑ̀ɑko̱	ˈšɑ̀ɑko̱	ˈšɑ̀ɑko̱	ˈšɑ̀ɑko	ˈšɑ̀ɑko̱	ˈšɑ̀ɑko	ˈšɑ̀ɑko̱	ˈšɑ̀ɑko̱	ˈšɑ̀ɑko	ˈšɑɑko	ˈšɑko	ˈšɑ̀ɑko	ˈšɑ̀ɑko	ˈšɑ̀ɑko	ˈšɑ̀ɑko	ˈšɑ̀ɑko	ˈšɑɑko	ˈšɑɑko	ˈšɑko̱	ˈšɑ̀ɑko	ˈšɑko	ˈšɑ̀ɑko	ˈšɑko̥	ˈšɑko	ˈšɑ̀ɑko̱ / hʌtʰ	šɑɑko̱ / hʌtʰ	hʌ̱tʰ
Backstrom-1992-210f-14	Shina-14	elbow	bɑˈkʰuni	bɑˈkʰuni	bɑ̱ˈkʰu̱ni	bɑˈkʰuni	bɑ̱ˈkʰuni	bɑˈkʰuni	bʌ̱ˈkʰuni / bʌ̱ˈxuni	bʌ̱ˈkʰuni	bʌ̱ˈxuni	bɑˈkʰuni	bɑˈkʰuni	bɑ̱ˈkʰuni̱	bɑ̱ˈkʰuni̱	bɑˈkʰuni	bɑˈkʰuni	bɑˈkʰuni̱	bɑˈkʰu̱ni	bɑˈkʰuṇi	bɑˈkʰuni	bɑˈkʰuni	bɑˈkʰuni	bɑˈkʰuni	bɑˈkʰuni	bɑˈkʰuni	ṭʰuˈguri	ṭʰuˈguri	ṭʰuˈguri / ṭʰuˈkuri
Backstrom-1992-210f-15	Shina-15	palm of hand	hʌtʌˈtɑṛo	hɑtʰɑˈtɑo	hɑtɑˈtɑo	hʌ̱tʌ̱ˈtɑo	hɑ̱tɑ̱ˈtɑo	hɑ̱tʌ̱ˈtɑo	hʌ̱tʌ̱ˈtɑo	hɑ̱tɑ̱ˈtɑo	hʌ̱tʌ̱ˈtɑo	hʌtʰʌˈtɑo	hʌtʰʌˈtɑo	ˈhʌtɑo	hʌˈtɑo	hʌtʰʌˈtɑo	hʌtʰʌˈtɑo	hʌtʌˈtɑo	hʌtʰoˈtʰɪl / lɑkˈtʰil	hʌtoˈtɑu	hʌˈtɑ	ˈhʌtɛ tʌˈli	hʌtʌ̱ˈtɑl	hʌtʌ̱ˈtɑl	hʌtʌˈtɑi	hʌtɑˈtɑ	tɑˈli / hʌˈtʰo	hʌˈtʰo	tɑˈli
Backstrom-1992-210f-16	Shina-16	finger	hɑˈgwi	hɑˈgwi	ɑˈgwi	ɑˈgui	hɑˈgui / ɑˈgᵘi	hɑˈgᵘi / ɑˈgᵘi	hɑˈgwi / hɑˈwi	ɑˈgwi / ɑ̃ˈgwi	hɑˈgᵘi	ɑˈgʷi	hɑˈgwi	hɑˈgwi	ɑ̃ˈwi / ɑ̃ŋˈwi	ɑ̃ˈui / ɑ̃ŋˈʷi	ɑ̃ˈui / ɑ̃ŋˈʷi	ɑ̃ˈwĩ	ɑˈŋᵘĩ	ɑˈŋʷi	hɑˈgwi	hɑˈgwi	hɑˈgui / hɑˈguri	hɑˈguli / hɑˈguri	hɑˈgwi	hɑˈgwi	hɑgˈwi	hɑgwi	hɑˈgwi
Backstrom-1992-210f-17	Shina-17	fingernail	noor̃	noor̃	ˈnòoro̱	ˈnòoro	ˈnòoro̱	ˈnòoro̱	noor̃	noor̃	noor	noor	ˈnòori	noor	noor	noor	nòor	noor	ˈnoor	ˈnori	ˈnoro	ˈnoro	nòor	noor	noor	noor	ˈnòoro̱	nòoro̱	ˈnoro̱ / noor
Backstrom-1992-210f-18	Shina-18	leg	pʌˈtɑlo	pʌˈṭɑli̱	pʌˈṭʌli	pʰʌˈṭʰʌli	pʰɑˈṭʌli	pʌtɑli / gɑɑn	gɑn	gɑn	gɑɑṇ	pʰʌˈṭɑlo	pʌˈṭɑlo	pʰʌˈṭɑlo / gɑn	pʰʌˈṭɑlo / gɑn	pʌˈṭɑlo	pʰʌˈṛɑlo / pʰʌˈṭɑlo	pʰʌˈṛɑlo	pʰʌˈṭɑlo / pɑ	pʰʌˈṛɑlo / fʌˈṛɑlo	pʌˈṭɑlo	pʰʌˈṭɑlo / fʌˈṭɑlo	pʰʌˈṭɑlo	pʰʌˈṭɑlo	pʌˈṭʰɑlo	pʌˈṭɑlo	pɑ̃ / pʌˈtʰɑlo	pɑ̃	põ
Backstrom-1992-210f-19	Shina-19	skin	čo̱m	čo̱m	čo̱m	čo̱m	čo̱m	čo̱m	čo̱m	čo̱m	čo̱m	čʊm	čom	čo̱m	čo̱m	čʊm	čʊm	čʊm	čom		čom	čom	čom	čom	čom	čom	čo̱m	čo̱m	čo̱m
Backstrom-1992-210f-20	Shina-20	bone	ˈɑ̃ṭi	ˈʌ̃ṭi	ˈɑṭi	ˈʌ̃ṭi	ˈʌ̃ṭi	ˈʌ̱̃ṭi	ˈɑ̃ṭi	ˈɑ̃ṭi	ˈʌ̱̃ṭi̱	ˈʌ̃ṭi	ʌ̃ṭi̱	ˈʌ̱̃ṭi̥	ˈʌ̱̃ṭi̥	ˈʌ̃ṭi	ˈʌ̃ṭi	ˈʌ̃ṭi	ˈʌṭi		ˈʌ̃ṭi̱	ˈʌ̃ṭi̱	ʌˈšoór	ˈɑ̃ṭi	ʌ̃ṭʰi̱	ˈʌ̃ṭi̱	ˈɑ̃ṭi̥	ˈɑ̃ṭi̱	ˈɑ̃ṭi̥
Backstrom-1992-210f-21	Shina-21	heart	ˈhio	ˈhiu	ˈhiwo̱	ˈhio	ˈhio	ˈhio	ˈhio	hiu	ˈhiu̱	ˈhio	hio	ˈhio	ˈhio	ˈhio	ˈhiu	ˈhio	hiˈo	ˈhiu	ˈhio	ˈhio	ˈhɪṛu	ˈhɪṛu	ˈhio	ˈhiu	hiiᵘ / hɑlɪ̱ˈli	ˈhiu / hɑlili	hiu / hɑli̱ˈli
Backstrom-1992-210f-22	Shina-22	blood	lɛl	lɛɛl	lɛl	lɛɛl	lɛl	lɛɛl	lɛl	lɛl	lɛl	lɛl	lɛɛl	lɛl	lɛl	lɛl	luɛl	lɛɛl	lɛl	lel	lɛl	lɛl	lɛl	lɛl	lɛɛl	lɛl	lɛl	lɛl	lɛl
Backstrom-1992-210f-23	Shina-23	urine	ˈmiiki̱	ˈmiikɛ̱	ˈmiikʌ		ˈmiikʌ̱	ˈmiíke̱	ˈmiikɛ̱	ˈmiikɑ̱	ˈmiikʌ	ˈmiikɑ̱		ˈmiíkʌ̱	muuč̣	ˈmiiko̱	ˈmiiko̱	muuṣ̌			ˈmiki̥		ˈmiiki	ˈmiiki̱	miiki̱	ˈmiki	ˈmiikɛ̥	miikɛ̱ / mɪhikʌ	miˈhikʌ̱ / mɪikʌ̱
Backstrom-1992-210f-24	Shina-24	feces	bʌṛi ˈmiiki	ˈč̣iikɛ̱	ˈč̣iikʌ		ˈč̣ʰiikʌ̱	ˈč̣ʰiike̱ / ˈṣ̌iike̱	ˈč̣ɪkɛ̱	ˈč̣ʰiikɑ̱	ˈṣ̌iikʌ	ˈč̣iikɑ		gu / bol	gu	ˈč̣iikɛ̱	gu	gu			č̣ikɛ		ṣ̌ik	č̣ik	č̣ʰik	ˈč̣ikɛ̥	bol	bol	bolo̱ / gu
Backstrom-1992-210f-25	Shina-25	village	kui̱	kui̱	kui / koṭ / gɪˈroom	koṭ / gɪˈrom	koṭ / kui	hɛ̱ṭ / ˈpʰɑ̱ri̱ / ˈfɑ̱ri̱	hɛṭ	hɛṭ	koóṭ / hɛṭ / ku̱i̱	gɑm / kui	koóṭ / hɛṭ	kooṭ	gro	gom	gɑm / ˈporo	grom / ku̱i	grom	gɑm / kui / koṭ	koóṭ / hɛṭ	koóṭ / hɛṭ / gɑm	kooṭ	kooṭ	kooṭ	koṭ	koṭ	koṭʰ	koṭ
Backstrom-1992-210f-26	Shina-26	house	gòóṭ	gòóṭ	gòóṭ	gòóṭ	gòóṭ	gòóṭ	gòóṭ	gòóṭ	gòóṭ	goṭ	gòóṭ	gooṣ̌	gooṣ̌	gòóṭ / goṣ̌	goṣ̌	gooṣ̌	goṣ̌	goṣ̌	goṣ̌	goṣ̌	gooṣ̌	gooṣ̌	gooṣ̌	goṣ̌	gooṣ̌	gooṣ̌	gooṣ̌
Backstrom-1992-210f-27	Shina-27	roof	tɛš	tʌ̱š / tʌ̱l	tɛ̱š / tʌl	tɛ̱š	tɛ̱š / ˈtɛ̱ši̱	ˈtɑ̱ši̱	tɛ̱š	tɛ̱š	ˈšʌlto̱ / ˈtʌšo	tʌl	šʌlto	šɑˈrun / tʌl / ˈšʌlto	šɑˈrun / tʌl	šɑˈron / ˈtʌši	šɑˈron	šɑˈron	šɑˈron / tʌl		šɑˈron	šɑˈron / tʰʌl	šɑˈron / tʌl	ˈšɛlto	tʌl	šɑˈron / tʌl	bʌli / šɑˈron	tʌl / šɑˈron	ˈbʌli / tʌl
Backstrom-1992-210f-28	Shina-28	door	dʌ̱r̃	dʌ̱r̃	dʌr̃	dʌ̱r̃	dʌr̃	dʌr̃	dʌr̃	dʌr̃	dʌ̱r̃	dʌr̃	dʌr	dʌ̱r̃	dʌ̱r̃	dʌr̃	dʌr̃	dʌ̱r̃	dʌr̃	dʌr̃	dʌr̃	dʌr̃	dʌ̱r	dʌr̃	dʌr̃	dʌr̃	dʌr	dʌr	dʌr̃
Backstrom-1992-210f-29	Shina-29	firewood	ˈkɑɑṭo	ǰu̱k	ǰu̱k	ˈčùuni̱	ǰu̱k / ˈčùuni	ǰu̱k	ǰu̱k	ǰu̱k	ǰu̱k	ǰʊk	ǰuk	ˈkɑ̀ɑṭo̱	ˈkɑ̀ɑṭo̱	ǰ̣uk / ˈkɑ̀ɑṭo	ˈkɑ̀ɑṭo	ˈkɑ̀ɑṭo̱	ˈfuǰʌn ˈkɑɑṛo	ˈkɑṭo	ˈkɑṭo̥	ˈkɑ̀ɑṭo	ˈkɑ̀ɑṭo	ˈkɑ̀ɑṭo	ˈkɑɑṭo	ˈkɑɑṭɛ	kɑɑṭʰ / kɑṛṭ	kɑɑṭo̱ / kɑṛṭ	kɑṭʰ
Backstrom-1992-210f-30	Shina-30	broom	mɑˈǰini	lɑˈeš	lʌˈši	ˈlɛɛ́ši	lɑˈeši̱	leéši	ˈleéši	lʌˈši̱	lʌˈši	ˈloóši̱	ˈlɑɑ́ši	ˈloóši̥	ˈloóši̱	ˈloóši	ˈloóši	ˈloóši̱	ˈloóši		ˈlosi̥	ˈloóši̱	ˈlɑɑši	lʌˈhɑši	loˈɑši̥	ˈlɑši	luˈhɑši̱ / luˈɑši̱	loˈhɑš / loˈɑš	lᶺhoš
Backstrom-1992-210f-31	Shina-31	mortar	hʊˈḍor	oˈṛor̃	oˈṛor̃	oˈṛor	oˈṛor	oˈṛor	oˈṛor̃	oˈṛor̃	oˈṛor̃	oˈṛor̃ / šɪl	oṛor̃	oˈṛor̃ / šɪl	oˈṛor̃ / šɪl	oˈṛor̃	oˈṛor̃	oˈṛor̃ / šɪl / ˈḍoro	ˈḍori		oˈṛor̃ / ˈḍoro	ˈdoro	huḍᶺˈri / šɪl	hɪˈḍor̃	hɪḍoˈri	hɪḍoˈri	lʌŋgɑ̱ˈri	lʌŋgri / hɛˈroṛ	lʌŋˈgri / hɛˈroṛ
Backstrom-1992-210f-32	Shina-32	pestle	ˈmuzʌl	ˈmuzʌl	ˈmuzʌl	ˈmuzʌl	ˈmuzʌl	ˈmuzʌl	ˈmuzʌl	ˈmuzʌl	ˈmuzʊl	ˈmʊzʌl	ˈmuzʌl	ˈmu̱zʌl	ˈmu̱zʌl	ˈpɑɑ́lo	ˈpʰɑɑ́lo	hɑˈŋũ	koˈrɛn ˈkɑɑṛo		ˈmuzʌl	ˈmuzʌl	ˈmuzʌl	ˈmuzʌl	ˈmuzʊl	ˈmuzʌl	ˈmuzʌl	ˈmuzʌl	ˈmuzʌl
Backstrom-1992-210f-33	Shina-33	hammer	hɑtoˈṛɑ / ˈḍɑ̱ki̱	hɑˈtorɑ / ˈḍɑ̱ko̱	hɑtoˈṛɑ / ˈḍɑ̱ko	hɑtoˈṛɑ̱ʰ / fʌˈṭil	hɑtoˈṛɑ	hɑˈtoṛɑ / ˈḍʌki	hɑtoˈṛɑ	hɑtoˈṛɑ / pʰɑˈṭil	hɑtoˈṛʌ̱	hɑtoˈṛɑʰ	ˈt͡sʌ̱tʌ̱k / hɑtoṛɑʰ	hɑtoˈṛɑ̱	hɑtoˈṛɑ̱	hɑˈtoṛɑʰ	hɑtoˈṛɑʰ	hɑˈtoṛo	hɑˈtoṛɑ / ˈḍʌki		ˈt͡sʌ̱tʌ̱k / hɑˈtoṛɑʰ	hɑˈtoṛɑʰ	čɑ̱ˈtʌk / hɑˈtoṛɑ	ˈt͡sʌ̱tʌ̱k / hɑˈtoṛɑʰ	t͡sʌˈtʌk / hɑtoˈṛɑʰ	t͡sʌˈṭʌk / hɑtoˈṛɑʰ	t͡sɑṭˈko / hɑˈtoṛɑ	t͡sɑˈtʌk / t͡sɑtˈko	t͡sɑˈṭʌk / t͡sʌṭˈko
Backstrom-1992-210f-34	Shina-34	knife	kʌˈṭɑɑr̃	kʌˈṭɑ̀ɑ́r̃	kɑˈṭɑ̀ɑ́r̃	kɑˈtɑɑ́r	kɑˈtɑ̀ɑ́r̃	kʰʌṭɑ̀ɑ́r	kɑˈṭɑɑr̃	kɑṭɑɑr̃	kʰɑˈtɑɑr	kʌˈṭɑɑr	kɑˈtɑr	kɑˈṭɑɑ́r	kɑˈṭɑɑ́r	ˈkʌtɑɑ́r̃	kʌˈṛɑɑ́r̃	kʌˈṛɑr	kʌˈṛɑɑr	kɑˈṛɑr	kɑˈṭɑr̃	kɑˈṭɑr	kɑˈṭɑɑr	kɑˈṭɑɑr̃	kɑˈṭɑɑ́r̃	kɑˈtɑr	kɑˈṭɑɑr	kɑˈtɑɑr	kɑˈṭɑɑr
Backstrom-1992-210f-35	Shina-35	axe	čɑˈṭʌl	čɑˈṭʌ̱l	ǰɑˈṭʌl	čʌˈṭʌl	čɑˈṭʌl	čɑˈṭʌ̱l	čɑˈṭʌl	čɑˈṭʌl	čʌ̱ˈṭʌ̱l	čʌˈṭʌl	čʌˈtʌl	čʌˈṭʌl	čʌˈṭʌl / gʌṛʌ	čʌˈṭʌl	čɑˈṛʌl / čʌˈṭʌl / gʌˈṛʌ	gʌˈṛʌ	čʰʌˈṭʌl / gʌˈṛɑ		čʌˈṭʌl / ˈgʌṛʌ	čʌˈṭʌl	šʌˈṭʌl	čʌˈṭɑl	gʌˈṛʌ	gʌˈṛɑ / čʌˈtʌl	gʌˈṛʌ / čɑˈṭʌl	gʌˈṛʌ / čɑˈtʌl	gʌˈṛʌ
Backstrom-1992-210f-36	Shina-36	rope	ˈbɑ̀ɑli̱	ˈbɑ̀ɑli̱ / rɑǰoṭi	ˈbɑ̀ɑli	ˈbɑ̀ɑli	ˈbɑ̀ɑli̱	ˈbɑ̀ɑli / rɑˈǰoti	ˈbɑ̀ɑli	ˈbɑ̀ɑli̱	ˈbɑ̀ɑli	ˈbɑ̀ɑli	ˈbɑ̀ɑli	ˈbɑ̀ɑli	ˈbɑ̀ɑli	ˈbɑ̀ɑli	ˈbɑ̀ɑli	ˈrɑɑǰu	ˈbɑ̀ɑli		ˈbɑ̀ɑli	ˈbɑ̀ɑli	ˈbɑɑli	ˈbɑ̀ɑli	ˈbɑ̀ɑli	ˈbɑ̀ɑli	ˈbɑ̀ɑli̱	ˈbɑ̀ɑli̱	ˈbɑ̀ɑli
Backstrom-1992-210f-37	Shina-37	thread	ˈguúṇi	ˈguúni	sɑrˈdom	ˈguúni	ˈguúni	ˈguúni	ˈguúni̱	ˈguúni	ˈguúṇi̱	ˈguuni	ˈguúni	ˈguúṇi	ˈguúṇi	ˈguúni	ˈguúni	ˈguuni		ˈguuni	ˈguúṇi	ˈguúṇi	ˈguuṇi	ˈguúṇi	guu̱ṇi	ˈguúni	ˈguúṇi̱	guúni̱	ˈguni / ˈguúṇi
Backstrom-1992-210f-38	Shina-38	needle	sùú	sùú	sùú	sùú	sùú	suú	sùu	sùú	suú	suu	sũ	suu	sùú	suu	su	sùú	suu		sũũ	suú	suu	sũũ	suú	suu	sũũ	sũũ	sũũ
Backstrom-1992-210f-39	Shina-39	cloth	ˈč̣ʰilo̱	ˈč̣ʰilo̱	ˈpɑ̀ɑčo̱	č̣ile / soˈdɑ / ˈpʌči	ˈč̣ʰilɛ̱ / kɑ̱ṭ	ˈč̣ʰilo	kʌt	kʌt / ˈčilo̱	ˈč̣ilɛ / kʌ̱t	kʌt / ˈpɑ̀ɑčo	pɑ̀ɑčo / tɑn	ˈč̣ʰile̱ / kʌt / ˈpɑ̀ɑčo̱	ˈč̣ʰile̱ / ˈpɑ̀ɑči̱	č̣ilo̱ / tʰɑn	ˈč̣ʰilo̱ / tʰɑɑ́ṇ	ˈčilo / ˈpɑ̀ɑčo	ˈč̣ʰɪle	ˈč̣ʰɪlikʰoi	ˈpʊče̱ / tɑn	ˈpʊče̱ / sudɑ kʌprɑ	ˈṣ̌ile / soodɑ	rʌx / ˈṭukeⁱ	ˈpoočo	ˈpoočo̱	ˈpʷočɛ̱ / rʌx / ˈṭukɑi	pʷʊč / rʌx / ˈṭukɑi	pʷoč / rʌx / ˈṭukɑi
Backstrom-1992-210f-40	Shina-40	ring	bʌˈrono̱	bʌˈrono̱	bʌˈrondo̱	bʌˈrondo / bʌˈrono	boˈrono	bʌˈrono	bo̱ˈrono	boˈr̃ono	bʌˈrono̱	ɑŋˈʷelo	hɑguˈwelo	hɑˈgᵘelo	ɑˈŋẽlo	ɑŋˈwelo / ɑŋguele	ɑˈŋelo	ɑˈŋelo	ɑˈŋelo	ɑˈŋelo	ɑŋˈsʌri	ɑŋˈsʌri / ɑkˈsʌri	hɑˈɣᵘelo / huɣu̱ṛelu̱	hɑguˈlɛlo	hʌguˈzʌri / hʌgᵘˈzelo	hʌˈgilo	hɑkˈsʌri	hɑkˈsɑ̱ri / hʌgˈsʌri	hɑkˈsʌri
Backstrom-1992-210f-41	Shina-41	sun	ˈsùuri	ˈsùuri	ˈsùuri	ˈsùuri	ˈsùuri̱	ˈsuri	ˈsùuri̱	ˈsùuri	ˈsùuri	ˈsùuri	ˈsùuri	ˈsùuri	ˈsùuri	ˈsùuri	ˈsùuri	ˈsuuri	ˈsuuri	ˈsuuri	ˈsùuri	ˈsùuri	ˈsuuri	ˈsùuri	ˈsuuri	ˈsuuri	ˈsùuri̱	ˈsùuri̱	ˈsùuri̱
Backstrom-1992-210f-42	Shina-42	moon	yùun	yùun	yùun	yùun	yùun	yùun	yuún	yuún	yùun	yuun	yùun	yùun	yùun	yùun	yùun	yuun	yuun	yuun	yùun	yùun	yuun	yuun	yuun	yuun	yuun	yuún	yùun
Backstrom-1992-210f-43	Shina-43	sky	ɑsˈmɑn	ɑsˈmɑn / hɑˈgɑⁱ	ɑsˈmɑn / ɑˈgɑi	ɑsˈmɑn / ɑˈgɑi	ɑsˈmɑn / ɑˈgɑi	ɑsˈmɑn / ɑˈgɑ̀í	ɑˈgɑⁱ	ɑsˈmɑn	ɑsˈmɑɑn / ɑˈgɑi	ɑˈgɑi / ɑsmɑn	ɑsˈmɑn	ɑsˈmɑn	ɑsˈmɑn / ɑˈŋɑi	ɑŋˈɑi	ɑŋˈɑi	ɑˈŋɑi	ɑˈŋeⁱ	ɑˈŋe	ɑsˈmɑn	ɑsˈmɑn	ɑsˈmɑn	ɑsˈmɑn	ɑsˈmɑn	ɑsˈmɑn	ɑsˈmɑn	ɑsmɑn	ɑsˈmɑn
Backstrom-1992-210f-44	Shina-44	star	ˈtɑ̀ɑro	ˈtɑ̀ɑro	ˈtɑ̀ɑro̱	ˈtɑ̀ɑro	ˈtɑ̀ɑro	ˈtɑ̀ɑro	ˈtɑ̀ɑro̱	ˈtɑ̀ɑr̃o̱	ˈtɑ̀ɑr̃o̱	ˈtɑro	ˈtɑr̃o	ˈtɑro	ˈtɑro	ˈtɑr̃o	ˈtɑr̃o	ˈtɑro	ˈtɑro	ˈtɑro	ˈtɑr̃o	ˈtɑr̃o	ˈtɑɑrɑ	ˈtɑro	ˈtɑro	ˈtɑ̀ɑro	ˈtɑ̀ɑro̱	ˈtɑ̀ɑro̱	ˈtɑ̀ɑro̱
Backstrom-1992-210f-45	Shina-45	rain	ˈɑẓ̌o̱	ˈɑẓ̌o̱	ˈɑẓ̌o̱	ˈɑẓ̌o̱	ˈɑẓ̌o̱	ˈɑẓ̌o̱	ˈɑẓ̌o	ˈɑẓ̌o̱	ˈɑẓ̌o̱	ˈɑẓ̌o̱	ˈɑẓ̌o̱	ˈɑẓ̌o̱	ˈɑẓ̌o̱	ˈɑẓ̌o̱	ˈɑẓ̌o̱	ˈɑẓ̌o̱	ˈɑẓ̌o	mẽ	ˈɑẓ̌o̱	ˈɑẓ̌o̱	ˈɑẓ̌o	ˈɑẓ̌o̱	ˈɑẓ̌o̱	ˈɑẓ̌o̱	ˈɑẓ̌o̱	ɑẓ̌o	ˈɑẓ̌o̱
Backstrom-1992-210f-46	Shina-46	water	we̱i	we̱i	wei	ˈwei	wei	ˈwei	wei	wei	weⁱ	wei	wei	wei	wei	wei	wei	wei	wei	woi	wii / weⁱ	wii	wei	wei	vʷei	wei	wii	weⁱ	wei
Backstrom-1992-210f-47	Shina-47	river	sɪn	sɪn	sɪn	sɪ̱n	sɪ̱n	sɪ̱n	sɪn	sɪn	sɪ̱n	sɪn	sɪn	sɪn	sɪn	sɪn	sɪn	sɪn	sɪn	sɪn	sɪn	sɪn	sɪn	sɪn	sɪn	sɪn	sɪn	sɪn	sɪn
Backstrom-1992-210f-48	Shina-48	cloud	ˈɑẓ̌o̱	ˈɑẓ̌o̱ / bur̃ˈgɑ̀ɑl	ˈɑẓ̌o̱ / koˈronč̣	ˈɑẓ̌e̱ ṭʌŋ	ˈɑẓ̌o̱ / bur̃ˈgɑɑl / meˈyɑr̃	ˈɑẓ̌o̱ / burˈɣɑɑ́l	neˈyɑr / burᵘˈgɑɑl	ˈɑẓ̌o / burᵘˈgɑl	ˈɑ̱ẓ̌o̱ / gu̱ˈrui̱	mɛˈyɑr	ɑẓ̌o̱	ˈɑ̱ẓ̌o̱ / buˈgɑr	ˈɑ̱ẓ̌o̱	ˈɑẓ̌o̱	ˈɑẓ̌o̱	ˈɑ̱ẓ̌o̱	ˈɑẓ̌o	ˈɑẓ̌o	ˈɑẓ̌o̱ / bugɑɑr	ˈɑẓ̌o̱	ˈɑẓ̌o / buˈgɑɑr	ˈɑẓ̌o	ˈɑẓ̌o̱	ˈɑẓ̌o̱	ˈɑẓ̌o / bugɑr / nehɑr	ɑẓ̌o	ˈɑẓ̌o̱ / nehɑr
Backstrom-1992-210f-49	Shina-49	lightning	bi̱ˈč̣uṣ̌	bi̱ˈč̣uṣ̌	ɑˈgɑi ku̱ṭ	ˈtʌmlʌm	ˈbič̣uṣ̌	biˈč̣ʊṣ̌	biˈč̣uṣ̌	bi̱ˈč̣uṣ̌	bi̱ˈčʊṣ̌	ˈbičʊṣ̌	ˈbičʊṣ̌	biˈčuṣ̌ / ɑŋeˈgu̱ṭ	biˈčuṣ̌ / ɑŋeˈgu̱ṭ	sʌŋ	ˈbičʊṣ̌	biˈčuṣ̌	ˈbi̱čuṣ̌	ˈbičʊṣ̌	ˈbičʊṣ̌ / sʌŋ	ˈbičʊṣ̌ / sʌŋ	bi̱ˈčuṣ̌	ˈbičuṣ̌	ˈbičuṣ̌	ˈbičuṣ̌	biˈčʊṣ̌	ˈbič̣u̱ṣ̌	ˈbič̣uṣ̌
Backstrom-1992-210f-50	Shina-50	rainbow	biˈẓ̌oon	biˈẓ̌oon	biˈẓ̌oón	bɪˈẓ̌oón	biˈẓ̌òón	biˈẓ̌oón	biˈẓ̌oón	biˈẓ̌oón	biˈẓ̌oón	bɪˈẓ̌òón	bɪẓ̌oón	biˈẓ̌oón	biˈẓ̌oón	pɑrʌzʌⁱ / pɑrʌdᶺˈzʌ	bɪˈẓ̌òón	biˈẓ̌oon	biˈẓ̌oon	biˈǰon	bɪˈẓ̌oon	bɪˈẓ̌oón	biˈẓ̌oon	bɪˈẓ̌oón	bɪˈẓ̌oón	biˈẓ̌oon	biˈẓ̌ooṇ	biˈẓ̌oón	biˈžoóṇ / biˈžon
Backstrom-1992-210f-51	Shina-51	wind	ˈooši̥	òoši̱	ˈòoši	ˈòõši	ˈõõši	ˈoši̱	ˈòoši̱	ˈòoši	ˈòoši	ˈooši̥	òoši̱	ooši̥	ˈòoši̱	òoši	ˈòoši̥	ooš	ooš	ooš	ˈooši̥	ˈòoši̱	ˈòoši	ˈòoši̱	ˈooši̥	ˈòoši̱	òoš / òoši̱	òoš	ˈuši̥
Backstrom-1992-210f-52	Shina-52	stone	bʌ̱ṭʰ	bʌ̱ṭʰ	bʌṭʰ	bʌṭʰ	bʌṭʰ	bʌ̱ṭʰ	bʌṭʰ	bʌṭʰ	bʌ̱ṭ	bʌṭ	bʌṭʰ	bʌ̱ṭ	bʌ̱ṭ	bʌṭ	bʌṭ	bʌ̱ṭ	bʌṭ	bʌṭ	bʌṭʰ	bʌṭʰ	bʌṭ	bʌṭʰ	bʌṭ	bʌṭ	bʌṭʰ	bʌṭʰ	bʌṭʰ
Backstrom-1992-210f-53	Shina-53	path	po̱n	po̱n	po̱n	po̱n	po̱n	po̱n	po̱n	po̱n	po̱n	po̱n	po̱n	po̱n	po̱n	po̱n	po̱n	po̱n	po̱n	pon	pon	pon	pon	pon	po̱n	po̱n	po̱n	po̱n	po̱n
Backstrom-1992-210f-54	Shina-54	sand	ˈsiŋʌl	ˈsiŋʌl	ˈsɪɣʌ̱l	ˈsɪɣʌl	ˈsɪgʌl	ˈsɪgʌ̱l	ˈsɪgʌl	ˈsɪgʌl	ˈsi̱gʌ̱l / ˈsiŋʌl	ˈsiŋʌl	ˈsɪgʌl	ˈsɪgʌl	ˈsiŋʌ̱l	ˈsiŋʌl	ˈsiŋʌl / ˈsiŋgʌl	ˈsiŋʌ̱l	ˈsiŋʌl		ˈsɪgʌl	ˈsɪgʌl	ˈsigʌl	ˈsigʌl	ˈsɪgʌl	ˈsɪgʌl	ˈsigʌl	ˈsɪgʌl	ˈsigʌl
Backstrom-1992-210f-55	Shina-55	fire	hɑˈgɑr	hɑˈgɑr̃	ɑˈgɑr̃	ɑˈgɑr	ɑˈgɑr̃	ʰɑˈgɑr / ɑˈgɑr	ɑˈgɑr̃	ɑˈgɑr̃	hɑˈgɑr / ɑˈgɑr	ɑˈgɑr	hʌgɑr	pʰu	pʰu	pʰu	pʰu / ɑˈgɑr̃o	pʰu	pʰu		hʌˈgɑr̃ / ɑˈgɑr̃	hʌgɑr̃	hʌˈgɑr	hʌˈgɑr̃	hʌˈgɑr	hʌˈgɑr	hɑˈgɑr	hɑˈgɑr	hɑˈgɑr
Backstrom-1992-210f-56	Shina-56	smoke	duúm	duúm	duúm	duúm	duúm	duúm	dùum	duúm	duúm	duum	dùúm	duúm	duúm	dùúm	dùúm	duúm	duúm	duum	duum	dùúm	duum	dùúm	dùúm	dùúm	duum	duúm	dum / duúm
Backstrom-1992-210f-57	Shina-57	ash	dɑl	dɑl	dɑl	dɑl	dɑl	dɑl	dɑl	dɑl	dɑl	dɑl / tʌlˈčiri	dɑl	dɑl	dɑl	tʌlˈčiri	tʌlˈčiri	dɑl	dɑl		šo / dɑl	šo / dɑl	šoo	šoo	šoo	šoo	ˈšɪu / ˈšᶦo	ˈšɪu / šᶦo	šuu
Backstrom-1992-210f-58	Shina-58	mud	tok	to̱k	to̱k / čʰɪŋᵏ	to̱k / čiŋ	tɑˈgɑ / čʰɪŋ	tɑˈɣɑ / to̱k	čɑˈkuup / tɑˈgɑ / to̱k	čuˈkuup	tɑˈɣɑ	čʊˈkup / tɑˈɣɑ	ˈčičʌl / tʌgɑ	ˈči̱čʌ̱l / to̱k / tʌˈɣɑ	ˈči̱čʌ̱l / to̱k	čɪn	ˈčičʌl / tok	ˈčičʌl / dʌm	ˈčičʌl / gʸʌlˈdʌm		ˈčičʌl / čʌkʌˈṛɑ	ˈčičʌl / čʌkʌˈṛɑ	tok / ˈčičʌl	tok	tok / čʌkᶺˈṛɑ	tok / čʌkˈṛɑ	čʌkʌ̱ˈṛɑ	čʌkʌˈṛɑ	čʌkᶺˈṛɑ / t͡sʌkᶺˈṛɑ
Backstrom-1992-210f-59	Shina-59	dust	suum / uˈdu̱m	uˈdum	ˈkʰurᶺt͡s	uˈdùú	uˈdùú	ʊˈdùú	uˈdùú	uˈdùú	uˈdùú	uˈduu / sum	ˈudʌm / udùú	uˈdùú	uˈdùú	uˈdùú	uˈdùú	uˈdùú / sum	suum / ṭʰɑlˈdum	uˈdu	ˈudʌm / uˈdùú	ˈudʌm	ˈudum / ˈuzum / sum	suum	suum / ˈudʊm	suum	ˈduṛʌ / ˈudʌm	duṛʌ / ˈudʌm	ˈduṛo̱
Backstrom-1992-210f-60	Shina-60	gold	soṇ	so̱ṇ	so̱n	so̱n	so̱n	so̱n	so̱n	so̱n	sòóṇ	soṇ	soón	so̱n	son	soon	so̱ṇ	soón	sooṇ		soóṇ	soóṇ	son	soóṇ	soón	soon	soṇ	so̱ṇ	soṇ
Backstrom-1992-210f-61	Shina-61	tree	to̱m	to̱m	to̱m	to̱m	to̱m	to̱m	to̱m	to̱m	to̱m	to̱m	to̱m	to̱m	to̱m	stɑɣɑˈzi	tʊm	to̱m	tom / beⁱ	bʸæ̃ĩ	to̱m	to̱m	to̱m	to̱m	to̱m	to̱m	to̱m / ˈmuṭʰo̥	tom / ˈmuṭʰo̥	to̱m / mutʰ
Backstrom-1992-210f-62	Shina-62	leaf	ˈpʌ̱ṭo̱	ˈpʌ̱ṭo̱	ˈpʌṭo	ˈpʌṭo	ˈpʌ̱ṭo̱	ˈpʌṭo	ˈpʌṭo	ˈpʌ̱ṭo	ˈpʌṭo̱	ˈpʌṭo	ˈpʌṭo̱	ˈpʌ̱ṭo̱	ˈpʌ̱ṭo̱	ˈpʌṭo	ˈpʌṭo	ˈpʌ̱ṭo̱	ˈpʌṛo	ˈpɑṭo	ˈpʌṭo̱	ˈpʌṭo̱	ˈpʌṭo	ˈpʌṭo	ˈpʌṭo̱	ˈpʌṭo	ˈpɑṭʰu̥	ˈpɑṭʰo̥	ˈpɑṭʰo̱
Backstrom-1992-210f-63	Shina-63	root (of tree)	muˈlìí	muˈlìí	muˈlìí	muˈlìí	muˈlìí	muˈlìí	muˈlìí	muˈlìí	muˈlìí	mʊl	ˈč̣ɪrɪṣ̌ / muˈlìí	ˈčʰɪrɪ̱ṣ̌	ˈčʰɪrɪ̱ṣ̌	rʌmˈpɑ	ˈč̣iriṣ̌	čɪˈlɪṣ̌	rʌmˈpɑʰ	č̣iˈliṣ̌	ˈč̣ɪrɪṣ̌	ˈč̣ɪrɪṣ̌	ṣ̌ɪˈrɪ̱ṣ̌	č̣ɪˈrɪṣ̌	ˈč̣ɪrɪṣ̌	ˈč̣ɪrɪṣ̌ / ˈṣ̌ɪrɪṣ̌	ˈčirɪṣ̌	čirɪṣ̌	ˈč̣iri̱ṣ̌
Backstrom-1992-210f-64	Shina-64	thorn	ˈkoṇo̱	ˈkoṇo̱	ˈkono	ˈkonu	ˈko̱no̱	ˈkoṇo̱	ˈkoṇo̱	ˈkoṇo̱	ˈko̱ṇo̱	ˈkoṇo	ˈkoṇo	ˈkoṇo̱	ˈkoṇo̱	ˈkoṇo	ˈkoṇo	ˈkoṇo̱	ˈkoṇo	ˈkoṇe	ˈkoṇo	ˈkoṇo	ˈkòoṛɑ / ˈkolo	ˈkoolo	ˈkoṛo	ˈkoṛo	ˈkoṛo̱	ˈkoṛo̱	ˈkoṛo̱
Backstrom-1992-210f-65	Shina-65	flower	gʌmˈburi	pʰuˈnɑr̃	pʰuˈnɑ̱r̃	fuˈnʌr / pʰuˈnʌr	pʰuˈnʌr̃	pʰuˈnʌr	pʰoˈnʌr̃ / pʰuˈnɑ̱r	poˈnʌr̃ / pʰuˈnʌ̱r	pʰuˈnɑr̃ / ˈpʰuno	pʰuˈnɑr̃	pʰuˈnʌr̃	ˈpʰuno̱ / pʰuˈnɑr̃	pʰuˈnɑ̱r̃	ˈpʰuṣ̌o / pʰuˈnɑr̃	ˈpʰuṣ̌o / pʰuˈnɑr̃	ˈpʰušo	ˈpʰuṣ̌o	pʊṣ̌	ˈpʰũṛo / ˈfʊṛʌ	ˈpʰũṛo / ˈfʊṛo̱	ˈpʰuṛo	ˈpʰuṛo	ˈpʰuṛo	ˈpʰuṛo	ˈpʰuṛo̱	ˈpʰuṛo̱	ˈpʰuṛo̱
Backstrom-1992-210f-66	Shina-66	fruit	meˈwɑ	meˈwɑ	ˈmewɑ	meˈwɑ̱ʰ	meˈwɑ	ˈmeewɑ̱	meˈwɑʰ	meˈwɑ	meˈwɑ̱	meˈwɑ	meˈwɑ	meˈwɑ̱ʰ	meˈwɑ̱ʰ	pʰʌl	meˈwɑ	meˈwɑ̱ʰ	meˈwɑ	meˈwɑ	meˈwɑ	meˈwɑ	meˈwɑ	meˈwɑ	meˈwɑ	meˈwɑ	meˈwɑ	meˈwɑ	meˈwɑ
Backstrom-1992-210f-67	Shina-67	mango		ɑm	ɑm	ɑm	ɑm	ɑm	ɑm	ɑm	ɑm	ɑm	ɑm	ɑm	ɑm	ɑm	ɑm	ɑm	ɑm		ɑm	ɑm	ɑm				ɑm	ɑm	ɑm
Backstrom-1992-210f-68	Shina-68	banana		ˈkelɑ	ˈkelɑ	ˈkelɑ	ˈkelɑ	ˈkelɑ	keˈlɑ	keˈlɑ	ˈkɛlɑ	ˈkelɑ	ˈkelɑ	ˈkelɑ	ˈkelɑ	ˈkelɑ	ˈkelɑ	ˈkelɑ	ˈkelɑ	kelɑ	ˈkelɑ	ˈkelɑ	ˈkelɑ				keˈlɑ	ˈkelɑ	keˈlɑ
Backstrom-1992-210f-69	Shina-69	wheat	guum	gùum	gùum	gùum	gùum	gùum	guum	guum	gùum	gum	gùum	gùum	guum	gum	gum	gùum	guum	ˈguum	gùum	gùum	guum	gùum	guum	gùum	guum	gùum	guum
Backstrom-1992-210f-71	Shina-70	rice	briu	biˈũ	brʌs	ˈbri̱ũ	briũ	brⁱũ	brⁱũ / brũ	brũ	bri̱ũ̱ / bi̱u̱	ˈbrĩũ	biũ	bĩũ	bri̱ũ	brĩũ	ˈbrĩũ	bri̱ũ	brʌs	bri̱ũ	biũ	biũ	biũ	ˈbiũ	biu	biu	tɑˈluuṇ	tɑˈlùuṇ	tɑˈlũ / tɑˈluṛ
Backstrom-1992-210f-72	Shina-71	potato	ɑˈlu	ɑˈlu	ˈɑlu	ˈɑlu	ˈɑlu	ˈɑlu	ɑˈlu	hɑˈlu	ɑˈlu	ˈɑlu	ɑlu	ɑˈlu	ɑˈlu	ɑˈlu	ɑlu	ʌˈlu	ˈɑlu	ɑˈlu	ˈɑlu	ˈɑlu	ˈɑlu	ɑˈlu	ɑˈlu	ˈɑlu	ɑˈlu	ɑlu	ɑˈlu
Backstrom-1992-210f-73	Shina-72	eggplant	pʌṭiˈgɑn / ṣ̌ɪˈnɑ bɑluˈgʊn	ṣ̌ɪˈnoo bɑluˈgʊn / desi bɑluˈgʊn	ṣ̌iˈnɑɑ́ bɑloˈgʌn	ṣ̌ɪˈnoo boluˈgʊn	ṣ̌ɪˈnoo boluˈgʊn	ṣ̌iˈno bɑlʊˈgʊn / ˈmoro bɑlʊˈgʊn	ṣ̌ɪˈnoo bɑluˈgʊn	ṣ̌ɪˈnoo bɑluˈgʊn	ṣ̌ɪṇoo bʌ̱lu̱ˈguṇ	kiṇo bɑˈlugʊn	ˈkiṇo bɑˈlugʊn	ṣ̌iˈne bɑluˈgʊn	ˈmoro bɑluˈgʊn			ˈǰono bɑloˈgun	ŋʌrpɑˈɣɑn		ˈkiṇo bɑluˈgʊn	ˈkiṇo bɑluˈgʊn	ṣ̌ino bɑluˈgʊn	ˈkiṇo bɑluˈgʊn	ˈkiṇo bɑluˈgʊn	ˈkiṇo bɑluˈgʊn	ˈkiṇo ˈbɑtiŋɑṛʌ	keno bɑtinˈgʌr	kɪṇe bɑtiŋˈgʌṛɛ
Backstrom-1992-210f-74	Shina-73	groundnut	mʊŋpʰʌˈli	mʊŋpʰʌˈli	muŋpʰɑˈli	muŋfʌˈli / muŋpʰʌˈli	muŋpʰɑˈli	muŋpʰʌˈli	muŋpʰɑˈli	mumpʰɑˈli	muŋpʰʌˈlii	muŋpʰɑˈli	muŋpʰɑˈli	ˈmuŋpʰʌˈli	ˈmuŋpʰʌˈli	mumpʰɑˈli	mumpʰɑˈli	ˈmuŋpʰʌˈli	muŋˈpʰʌli		mʌnpʰɑˈli	mʊmpʰɑˈli / mʊmfɑˈli	mumˈpʰʌli				mumpʰɑˈli	mumpʰɑˈli	mumpʰɑˈli
Backstrom-1992-210f-75	Shina-74	chili	ˈmɑrʌč	ˈmɑɑruč	ˈmɑɑ́ruč	ˈmɑɑ́ruč	ˈmɑɑ́ruč	ˈmɑɑ́ručʰ	ˈmɑɑruč	ˈmɑɑruč	ˈmɑɑrᵘč	ˈmɑruč	ˈmɑruč	ˈmɑrᶺč	ˈmɑrᶺč	ˈmʌruš	ˈmʌruš	ˈmʌruš	ˈmɑ̱ruš		ˈmɑruč / ˈmɑrʌč	ˈmɑruč / ˈmɑrʌč	koˈe / ˈmɑruč	kõĩ	koⁱ	kii	ˈmɑruč	ˈmɑɑruč	mʌrčʌˈki / mʌrt͡sʌˈki
Backstrom-1992-210f-76	Shina-75	turmeric	hɑˈlič̣i̱	hɑˈlič̣i	hɑˈlič̣i	hɑˈlič̣i / hɑˈliẓ̌i	hɑˈlič̣i	hɑˈliẓ̌i / hɑˈliǰ̣i	hɑˈliẓ̌i	hɑˈliẓ̌i	ˈhʌldi	hɑˈliẓ̌i̱	hɑliẓ̌i̱	hɑˈliẓ̌i	hɑˈliẓ̌i	yuŋ	hɑˈliẓ̌i̱	hɑˈliẓ̌i	uˈsu̱		hɑˈliẓ̌u̱	hɑˈliẓ̌i̱	hɑˈliẓ̌i		hɑˈliẓ̌o	hɑˈliẓ̌u	hɑˈliẓ̌u̱	hɑˈliẓ̌u̱	hɑˈliẓ̌o̱
Backstrom-1992-210f-77	Shina-76	garlic	wɛžˈnu	bo̱kˈpɑ	bokˈpɑ	bo̱kˈbɑ̱	bokˈpɑ / bokˈbɑ	ˈgo̱pkɑ̱	gokˈpɑ	ˈgopkɑ / ˈgokpɑ	ˈgokpɑ̱	gokˈpɑ	ˈhugi	goʔpɑ	ˈgopkɑ̱	gokˈpɑ	gokˈpɑ	ˈgoppɑ̱	zgoˈpɑ̱		ˈhugi	ˈhugi	kɑˈšu	ˈhugi / kɑˈšu	kɑˈšu		ˈhuugi	ˈhugi̱	ˈhugi
Backstrom-1992-210f-78	Shina-77	onion	kɑˈšuu	kɑˈšuu	ˈɣɑšu̱ / gɑˈšu̱	kɑˈšu̱	kɑˈšu̱	kɑˈšu̱	kɑˈšu	kɑˈšu	kɑ̱ˈšu̱ʰ	t͡so̱ŋ	kɑˈšu	kɑˈšu	t͡so̱ŋ	t͡so̱ŋ / gʌˈšu	t͡so̱ŋ	t͡so̱ŋ	t͡so̱ŋ	t͡soŋ	kɑˈšu	kɑˈšu	kɑˈšu	kɑˈšu	kɑˈšu	kɑˈšu	piˈɑz	piɑz	piˈɑz
Backstrom-1992-210f-79	Shina-78	cauliflower	pʰʊl ˈgobi	pʰʊl ˈgobi	pʰul ˈgobi	goˈbi	pʰul ˈgobi	pʰul ˈgobi	pʰul ˈgobi	pʰul ˈgobi	ˈfʊl ˈgobi	pʰul gobi	pʰul gobi	pʰul goˈbi	pʰul goˈbi	pʰul gobi	pʰul gobi / moos kɑˈṛʌm	pʰul goˈbi	kɑˈṛʌm	pʰul ˈgobi	pʰul ˈgobi	pʰul ˈgobi	pʰul ˈgobi	ˈgobi	gopi / ˈgobi	pʰul gobi	goˈpi	goˈpi	goˈpi
Backstrom-1992-210f-80	Shina-79	tomato	bɑluˈgʊn	bɑluˈgʊn	bɑluˈgʊn	boloˈgʊn	boluˈgʊn	bɑluˈgʊn	bɑluˈgʊn	bɑluˈgʊn	bɑ̱lu̱ˈgʊn	ˈbɑligʊn	bɑlugun	bɑluˈgʊn	bɑluˈgʊn	pɑˈɣʌn	pɑˈɣʌn	bɑluˈgʊn	skʸrpɑˈɣʌn	pɑˈɣʌm	bɑluˈgun	bɑluˈgun	bɑluˈgun	bɑluˈgun	ˈbɑlugun	bɑluˈgun	bɑtᶺgʌˈṇe	bɑtiˈgʌṇe	bʌtiŋgʌˈṛe
Backstrom-1992-210f-81	Shina-80	cabbage	ˈgobi	bʌnd ˈgobi / loṭo̱ kɑm	bʌnd ˈgobi	bʌnd goˈbi	bʌnd ˈgobi	bʌnd ˈgobi	ˈloṭo̱ / bʌnd ˈgobi	bʌnd ˈgobi	bʌnd ˈgobi / ˈloṭo̱ kɑm	loṭo kʌˈṛʌm	bʌnd gobi	bʌnd ˈgobi	bʌnd ˈgobi	bʌnd gobi	bʌnd šɑ / duˈruro kɑṛʌm	bʌnd ˈgobi	bʌnd gobi	bʌn ˈgobi	bʌnd ˈgobi	bʌnd ˈgobi	bʌnd ˈgobi	bʌnd ˈgobi	bʌnd ˈgobi	bʌnd gobi	bʌnd ˈgopi	diˈdol ˈgopi	bʌnd goˈpi
Backstrom-1992-210f-82	Shina-81	oil	tɛl	tɛl	tɛ̀ɛ́l	tɛɛ́l	tɛl	tɛl	tɛl	tɛl	tɛɛ́l	tɛl	tɛl	tɛl	tel	tɛɛl	tɛɛl	tel	tɛl		tɛl	tɛl	tɛɛl	tɛl	tɛɛ́l	tɛl	tɛl	tɛl	tel
Backstrom-1992-210f-83	Shina-82	salt	pɑˈǰu	pɑˈǰu	pɑˈǰu	pɑˈǰu	pɑˈǰu	pɑˈǰu / pɑˈžu	pɑˈǰu	pɑˈǰu	pɑˈǰu	pɑˈǰu	lùuni̱	ˈluuni̱	ˈlùuni̱	ˈlùuni̱	ˈlùuni̱	ˈluuni̱	ˈluuni / pɑˈǰu		ˈluuṇi	ˈluuṇi	ˈnuuni	ˈnuuṇi	ˈnuuṇi	ˈnuuṇi	ˈlùuṇi̱	lùuṇi̱	ˈlùuṇi
Backstrom-1992-210f-84	Shina-83	meat	moós	moós	moót͡s	moót͡s / moóz	mòót͡s	moós	mòót͡s / mòóz	mot͡s	moós	moos	moós	moós	moós	moós	moós	moos	moós	moos	moós	moós	moos	moos	moós	moós	moós	mòós	moos
Backstrom-1992-210f-85	Shina-84	fat (meat)	mɛi	mɑ̱ĩ	mìi	mìi	mìi	mìi	mìi	mii	mìi	mii	mi	mìi	mìi	mii	mì	mii	mii	mii	mii	mii	mʌe	mee	mee	mii	wɑ̀ɑz	wɑ̀ɑz	mĩi
Backstrom-1992-210f-86	Shina-85	fish	ˈčʰi̱mo̱	ˈčʰi̱mo̱	ˈčʰumo̱	ˈčʰumu	ˈčʰumo̱	ˈčʰumo	ˈčʰu̱mo̱	čʰu̱mo / ˈčɪmo	ˈčʰumo̱	ˈčʰɪmo	čumo̱	ˈčɪmo̱	ˈčʰumo	ˈčimo̱	ˈčʰimo̱	ˈčʰɪmo	ˈčʰimo		ˈču̱bo	ˈču̱bo / ˈčumo	ˈšibo	ˈčʰɪbo	ˈčʰɪbu	ˈšɪbo	ˈčubo̱	ˈčubo̱ / ˈčɪbu̱	ˈčubo̱
Backstrom-1992-210f-87	Shina-86	chicken (hen)	kɑrˈkɑmoš	kɑr̃ˈkɑmoš	kɑ̱rˈkɑɑ́mot͡s	kɑrˈkɑɑ́moz	kɑr̃ˈkɑɑmu̱č	kɑrˈkɑmoš	kɑrˈkɑmoš	kɑr̃ˈkɑmoš	kʌrˈkɑmʊš	koˈko / kɑrˈkɑmoš	kuˈkuⁱ̃	kuˈkeⁱ	kuˈkuⁱ	kuˈkeⁱ	koˈkoⁱ	koˈkoⁱ	koˈkoⁱ	koˈko	kuˈkᵘĩ	kuˈkuⁱ̃	kuˈkuⁱ	kuˈkᵘĩ	kuˈkᵘi	kuˈkᵘi	kuˈkʷĩ	kuˈkʷĩ	kuˈkwĩ
Backstrom-1992-210f-88	Shina-87	egg	hɑˈṇɛɛš	hɑˈṇɛ̱š	hʌˈnɛ̀ɛ́	hɑˈnɛ̀ɛ́	hɑˈnèé	hʌˈṇɛɛ́	hʌˈṇèé	hʌˈṇèé	hʌˈṇèé	hʌˈnee	hɑˈnèé	ṭʰul	ṭʰul	tʰul	ṭʰul	ṭʰul	hɑˈṇɛɛ		hʌˈṇo	hʌˈṇo	hʌṇõ	hʌˈṇõ	hʌˈṇo	hʌˈṇo	hɑˈṇo	hɑˈṇõ	hɑˈṇo̱
Backstrom-1992-210f-89	Shina-88	cow	gɑo	gɑo	gòo	goo	gòo	góo	goo	goo	goo / gɑu	go	gɑ̀ó	ˈgɑo	ˈgɑo	gɑo	gɑo	ˈgɑo	ˈgɑo	ˈgɑu	gɑo	gɑo	gɑo / goo	gɑõ	gɑo	gɑo	ˈgɑo	ˈgɑũ / gɑo	ˈgɑu
Backstrom-1992-210f-90	Shina-89	buffalo	mɑˈĩĩṣ̌	mɑˈyĩĩṣ̌ / mɑˈĩĩṣ̌	hɪṣ̌ mɑˈhiṣ̌	mɑˈyuṣ̌	mɑˈyũṣ̌	mɑˈyũṣ̌	mɑˈyũ̱ṣ̌	mɑˈyuṣ̌	mɑˈyʊṣ̌	mɑˈyuṣ̌	mɑˈyũṣ̌	mɑ̱ˈyuṣ̌	mɑ̱ˈyuṣ̌	meeṣ̌ / bʰẽs	meeṣ̌ / mᵅeṣ̌	mɑ̱ˈyuṣ̌	bɛ̃s		meeṣ̌	meeṣ̌	mɛɛš	mɑˈɛ̃ṣ̌	mɑeṣ̌	mɑɛṣ̌	mɑˈhi̱ṣ̌ / mʌˈhĩṣ̌	mɑˈhĩš	mᶺˈheš
Backstrom-1992-210f-91	Shina-90	milk	dʊ̱tʰ	dʊtʰ	dʊtʰ	du̱t	du̱tʰ	du̱tʰ	du̱tʰ	du̱tʰ	dʊ̱t	dutʰ	dutʰ	dʊ̱tʰ	dʊ̱tʰ	dutʰ	dutʰ	dʊ̱tʰ	dut	dut	dutʰ	dutʰ	dutʰ	dutʰ	dutʰ	dutʰ	du̱tʰ	du̱tʰ	dutʰ
Backstrom-1992-210f-92	Shina-91	horn	ṣ̌ɪŋ	ṣ̌ɪŋ	ṣ̌iŋ	ˈṣ̌iŋu	ṣ̌iŋ	ṣ̌iŋ	ṣ̌ɪŋ	ṣ̌ɪŋ	ˈṣ̌iŋo / ṣ̌iŋ	ṣ̌iŋ	ṣ̌iŋ	ṣ̌ɪŋ	ṣ̌ɪŋ	ˈṣ̌ɪŋo̱	ˈšɪŋo̱	ˈṣ̌iŋo	ˈṣ̌iŋo		ṣ̌iŋ	ṣ̌iŋ	ṣ̌iŋ	ṣ̌iŋ	ṣ̌iŋ	ṣ̌iŋ	ˈṣ̌igo̱ / ˈṣ̌ʊgo	ˈšɪ̱gɛ̱ / ˈšɪgu̱	ˈṣ̌igo̱ / ˈṣ̌ʊgo
Backstrom-1992-210f-93	Shina-92	tail	lɑˈmoṭi	pʰʌˈčʰoó	pʰiˈčòó	pʰʌˈčʰòó	pʰɑˈčòó	pɑˈčʰòó	pʰɑ̱ˈčòó	pʰɑ̱ˈčòó	pʰɑ̱ˈčòó / fɑ̱ˈčòó	pʌˈčoo	pʰɑˈčòó	lɑˈmʊṭi	lɑˈmʊṭi	lɑˈmuṭo̱	lɑˈmoṭo	lɑˈmoṭo	lɑˈmoṛo		lɑˈmuṭʰi̱	lɑˈmuṭʰi̱	lɑˈmoṭi	lɑˈmoṭo	lɑˈmoti̱	lɑˈmoṭi	lɑˈmuti̱	lɑˈmuṭi̱	lɑˈmuṭʰi̥
Backstrom-1992-210f-94	Shina-93	goat	ˈɑɑi	ˈʔɑɑi	ˈʔɑi	ˈʔɑ̱i̱	ʔɑi	ˈʔɑi	ʔɑi	ʔɑi	ˈʔɑ̱i̱	ɑi	ɑi	ˈʔɑi̱	ˈʔɑi̱	ɑi	ɑi	ˈɑi̱	ɑi	ɑi	ɑi	ɑi	ɑi	ɑi	ɑi	ɑi	ˈʔɑi	ʔɑi	ʔɑi
Backstrom-1992-210f-95	Shina-94	dog	šu	šũ	šũ	šũ	šũ	šũ	šũ̱	šũ	šu̱ʰ / šũ	šⁱũ	šũ	šũ	šũ	šĩũ / šũ	šĩũ	šũ	šũ		šũ	šũ	šuu	šũ	šu	šu	šũ	šũ	šũ
Backstrom-1992-210f-96	Shina-95	snake	ǰo̱n	ǰo̱n	ǰo̱n	ǰu̱n	ǰo̱n	ǰo̱n	ǰo̱n	ǰo̱n	ǰo̱n	žo̱n	ǰo̱n	ǰu̱n	ǰu̱n	ǰ̣o̱n	žo̱n	ǰʊ̱n	ǰon		ǰuˈdrɑⁱ / ǰo̱n	ǰuˈdrɑ / ǰo̱n	zɛdʊˈrɑ / zɛzuˈrɑ	ǰɛroˈdɑo	ǰɛduˈrɑ	zʊzuˈrɑ	žuˈdrɑ	žuˈdrɑ / ǰuˈdrɑ	ǰɪˈdrɑ
Backstrom-1992-210f-97	Shina-96	monkey	ˈšo̱di̱	ˈšo̱di̱ / ˈšo̱do̱	šʌˈdi̱	šʌˈdi̱	šʌˈdi̱	ˈšo̱di̱ / ˈšo̱do	šo̱ˈdi̱ / šʌ̱ˈdi̱	šo̱ˈdi / šo̱ˈdo	ˈšodi̱ / ˈšodo̱	šʌˈdi	šɑdo̱	šʌˈdi̱	šʌˈdi̱	ˈšʌdi	šʌˈdi	šʌˈdi̱	ˈšʌdi		šɑˈdo̱ / ˈmoko̱	šɑˈdo̱	ˈmokol / ˈšodi	ˈmokoṛ	ˈmoko̱	ˈmoko̱	ˈmoku̱	ˈmoku̱	ˈmoku̱
Backstrom-1992-210f-98	Shina-97	mosquito	pʰʊˈč̣ʰuni	pʰɪˈč̣ũni	ˈpʰič̣o̱	ˈpʰɪč̣ʰu̱	ˈpʰič̣u̱	ˈpʰič̣ʰo̱	pʰɪˈti / pʰi̱č̣o̱	ˈpʰič̣o̱	fi̱ˈti / pʰɪti	pʰɪˈti	ˈpʰič̣u / pʰɪˈti	ˈpič̣ʰo̱ / moe	ˈpʰɪtʰi / ˈfɪtʰi	moi	moo	moo	moo / ˈpiẓ̌o		ˈpʰič̣u̱ / fɪˈtʰi	ˈpʰič̣u̱ / fɪˈtʰi	ˈpʰič̣u / ˈpʰič̣ʌ	ˈpʰič̣u / muĩ	ˈpʰič̣o̱	ˈpʰič̣o	ˈpiič̣o̱	ˈpiič̣o̱	ˈpʰiču̥ / ˈpʰɪṣ̌u̥
Backstrom-1992-210f-99	Shina-98	ant	pʰɪˈlili	fɪˈlili	pʰɪˈlili	pɪˈlili	pʰɪˈlili	pʰɪˈlili / fɪˈlili	pʰɪˈlili	pʰɪˈlili	pʰɪˈlili / fɪˈlili	pʰɪˈlili	pʰɪˈlili	pʰɪˈlili	pʰɪˈlili	pʰɪˈlili	pʰɪˈlili	pʰɪˈlili	fɪˈlil		pʰɪˈpili	pʰɪˈbili	pʰɪˈlili	pʰɪˈlili	pʰɪˈlili	pʰɪˈlili	piˈbili	piˈbili	piˈbili / pʰipil
Backstrom-1992-210f-100	Shina-99	spider	tʌlˈbulo	tʌr̃ˈbulo / tʌr̃ˈbuli	tʌlʌˈbuṛo	tɑṛɑˈbulo	tʌṛʌˈbulo	tɑlˈburo	tʌl ˈbuṛo ˈbuuṛo	buṛoˈbulo / tʌlbuṛoˈbuuṛo	tʌlbʊṛoˈbuuṛo / tʌltʌlʌbuuṛo	ˈtɑṛɑ ˈbuṛo	tʌlʌˈbuṛo	č̣ʌˈẓ̌ɑɑ́	č̣ʌˈẓ̌ɑɑ́	č̣ɑẓ̌ɑɑ́	č̣ɑˈẓ̌ɑɑ́ / tʌlʌˈbuṛo	č̣ʌˈẓ̌ɑɑ	tʌlˈbuṛi		ǰoˈlɑ	ǰoˈlɑ	ˈbuṛo	ˈbuuṛo	ˈbuuṛo̱	ˈbuuṛo	ǰoˈlɑ	ǰoˈlɑ	ˈžolɑ / ǰoˈlɑ
Backstrom-1992-210f-101	Shina-100	name	nom	nom	nom	nom	nom	nom	nõm / nom	nõm	nom	nʊm	nom	nõm / nom	nom	nõm / nom	nõm / nom	nom	nom	nom	num	num / nũm	nõm / nom	nom	nom	num / nom	num	num	num
Backstrom-1992-210f-102	Shina-101	man	muˈšɑ	muˈšɑ	muˈšɑ	muˈšɑ	muˈšɑ	muˈšɑ	mu̱ˈšɑ	mu̱ˈšɑ	mʊˈšɑ	muˈšɑ	mušɑ	muˈšɑ	muˈšɑ	muˈšɑ	muˈšɑ	muˈšɑ	muˈšɑ	muˈšɑ	muˈšɑ	muˈšɑ	muˈšɑ	muˈšɑ	muˈšɑ	muˈšɑ	muˈšɑ	mu̱ˈšɑ	muˈšɑ
Backstrom-1992-210f-103	Shina-102	woman	ˈčei̱	ˈčei̱	čei	ˈčei	ˈčei̱	ˈčei	čei	čei	ˈčei̱	čeⁱ	čeⁱ	ˈčei	ˈčei	čeⁱ	čeⁱ	ˈčei	čeⁱ	čeⁱ	ˈčeⁱ	ˈčeⁱ	čeⁱ	čeⁱ	čeⁱ	čeⁱ	čeⁱ	čeⁱ	čei
Backstrom-1992-210f-104	Shina-103	child	bɑɑ́l	bɑɑ́l / šuˈdɑ̀ɑr̃	čɑl bɑɑl / šuˈdɑɑ́r	šuˈdɑ̀ɑ́r / mɑˈsum	čɑl bɑɑl	šuˈdɑ̀ɑ́r	bɑɑl čɑl / mɑˈsum	bɑɑ́l	mɑˈsum / čɑlbɑɑ́l	čuno bɑɑl	mɑsum / čuno bɑɑ́l	bɑɑ́l / ˈčuno̱	bɑɑ́l	čuno bɑɑ́l / mɑˈsum	čuno bɑɑ́l / mɑˈsum	bɑɑ́l / bɑɑlčɑl	bɑɑl	ǰi	mɑˈsum / bɑɑ́l	mɑˈsum	mɑˈsum	mɑˈsum	bɑɑl	bɑɑl	mɑˈsum / bɑɑ́l	mɑsum / bɑɑ́l	mɑˈsum / bɑɑl
Backstrom-1992-210f-105	Shina-104	father	ˈbɑbo / ˈmɑɑlo	ˈbɑɑ́bo / ˈmɑɑlo	bɑɑ́bo / mɑɑ́lo	ˈbɑɑ́bo̱ / ˈmɑɑ́lo	ˈbɑ̀ɑbu / ˈmɑ́ɑlo	ˈbɑɑ́bo / ˈmɑɑ́lo / buˈbɑ	ˈbɑ̀ɑbo / ˈmɑ̀ɑlo	ˈbɑ̀ɑbo / ˈmɑ̀ɑlo	bɑ̀ɑbo / ˈmɑɑ́lo / buˈbɑ	ˈbɑbo / ˈmɑɑlo	ˈbɑbo / ˈmɑ̀ɑlo	ˈbɑɑ́bo / ˈmɑɑ́lo	ˈbɑɑbo / ˈmɑɑ́lo	ˈbɑbo / ˈmɑ̀ɑlo	ˈbɑbo / mɑɑ́lo	ˈbɑbo / ˈmɑɑ́lo	ˈbɑbo	ˈbɑbo	buˈbɑ / ˈmɑɑ́lo	buˈbɑ / ˈmɑɑ́lo	buˈbɑ	buˈbɑ / ˈmɑlo	ˈbɑbo / ˈmɑɑ́lo	buˈwɑ	buˈbɑ	buˈbɑ	buˈbɑ / ˈmɑɑ́lo̱
Backstrom-1992-210f-106	Shina-105	mother	ˈɑɑǰi	ˈɑɑ́ǰi / ˈmɑɑli	ˈmɑ̱mɑ̱ / mɑɑ	ɑɑ́ˈzi / ˈmɑ̃mɑ	ˈɑɑǰi	ˈɑɑ́ǰi̱	ˈɑɑ́ǰi / mɑ̃	ˈɑɑ́ǰi̱	ˈɑɑ́ǰi / mɑ̃	ˈɑɑǰi	ˈɑɑ́ǰi / mɑ	ˈɑɑ́ǰɛ̱ / mɑ	ˈɑɑ́ǰɛ̱ / mɑ	ɑɑ́ǰi / mɑ̃	ɑži / mɑ̃	ˈɑǰɛ̱	ˈɑɑǰɛ	ɑˈǰe	ˈɑ̀ɑži / mɑ	ˈɑ̀ɑži / mɑ	ˈɑɑži / ˈmɑli	ˈɑɑ́ži	ˈɑɑ́že	ˈɑye / mɑ	mɑ̃ / mɑɑ	mɑ̃	mɑ / mɑɑ
Backstrom-1992-210f-107	Shina-106	brother	ˈbʌṛo ẓ̌ɑ	ˈbʌṛo ẓ̌ɑ	ˈbʌṛo ẓ̌ɑ	ˈbʌṛu ẓ̌ɑ	ˈbʌṛo ẓ̌ɑ	ˈbʌṛo ẓ̌ɑ	ˈbʌṛo ẓ̌ɑ	ˈbʌṛo ẓ̌ɑ	ˈbʌṛo ẓ̌ɑ	ˈbʌṛo ẓ̌ɑ	bʌṛo ẓ̌ɑ	ˈbʌṛo ẓ̌ɑ	ˈbʌṛo ẓ̌ɑ	bʌṛo ẓ̌ɑ	bʌṛo ẓ̌ɑ	ˈbʌṛo ẓ̌ɑ	ˈboṛo ẓ̌ɑ	ẓ̌ɑ	ˈbʌṛo ẓ̌ɑ	ˈbʌṛo ẓ̌ɑ	ˈbʌṛo ẓ̌ɑ	ˈbʌṛo ẓ̌ɑ	ˈbʌṛo ẓ̌ɑ	ˈbʌṛo ẓ̌ɑ	ˈbʌṛo ẓ̌ɑ	ˈbʌṛo̱ ẓ̌ɑ	ˈbʌṛo ẓ̌ɑ
Backstrom-1992-210f-109	Shina-107	sister	ˈbʌṛi sʌs	ˈbʌṛi sɑʰ	ˈbʌṛi sɑ̱ʰ	ˈbʌṛi sɑ̱ʰ	ˈbʌṛi sɑʰ	ˈbʌṛi sɑ̱ʰ	ˈbʌṛi sɑʰ	ˈbʌṛi sɑ̱ʰ	ˈbʌṛi sɑ̱ʰ	ˈbʌṛi sʌ	bʌṛi sʌs	ˈbʌṛi sʌ̱s	ˈbʌṛi sʌ̱s	bʌṛi sʌs	bʌṛi sʌs	ˈbʌṛi sʌ̱s	ˈboṛi sʌs	sʌs	ˈbʌṛi sʌs	ˈbʌṛi sʌs	ˈbʌṛi sɑs	ˈbʌṛi sʌs	ˈbʌṛi sʌs	ˈbʌṛi sʌs	ˈbʌṛi sɑ̱s	bʌṛi̱ sɑs	ˈbʌṛi sɑs / sʌ̱s
Backstrom-1992-210f-111	Shina-108	son	pʊ̱č̣	pʊ̱č̣	pu̱č̣	pu̱č̣ʰ	pu̱č̣ʰ	pu̱č̣ʰ	pu̱č̣ʰ	pu̱č̣ʰ	pʊč̣	pʊč̣	pʊč̣	pʊč̣	pʊč̣	pʊṣ̌	pʊč̣ / pʊṣ̌	puṣ̌	puṣ̌	pʊṣ̌	pʊč̣	pʊč̣	puč̣ʰ	pʊč̣	pʊč̣	pʊč̣	pu̱č̣	puč̣	puč̣
Backstrom-1992-210f-112	Shina-109	daughter	dìí	dìí	dìí	dìí	dìí	dìí	dìí	dìí	dìí	dií	dií	dìí	dìí	dií	dií	dii	dii		dií	dií	dii	dìí	dií	dií	dìí	dìí	dᶺhi / dii
Backstrom-1992-210f-113	Shina-110	husband	bʌˈre̱o / muˈšɑ	bʌˈroo / muˈšɑ	bʌ̱ˈrɑo	bʌˈrᶺo	bʌ̱ˈrɑo	bʌˈrᶺo / muˈšɑ	bʌˈrᶺo / muˈšɑ	bɑˈrᵅo	mʊˈšɑ	bʌˈrᶺo	muˈšɑ / bʌriˈo	bʌˈro / muˈšɑ	bʌˈrⁱo̱ / muˈšɑ	bʌˈrɑo / muˈšɑ	bʌˈreo	bʌˈrⁱu	bʌˈrᵉu	bɑˈreᵘ	muˈšɑ / ˈxɑwɑnd / bʌriˈo	muˈšɑ / ˈxɑwɑnd	muˈšɑ / kʰɑˈwɑn	xɑˈwɑnd / bʌˈr̃o	muˈšɑ / bʌˈrᵉo	muˈšɑ	xɑˈwɑn / bʌri̱ˈo	xɑˈwɑn / bʌri̱ˈo	xɑˈwɑn / muˈšɑ
Backstrom-1992-210f-114	Shina-111	wife	gɛn	gɛn / ǰɑˈmɑɑtʰ	gɛˈrɛn	gɪˈrɛn / ǰʌˈmɑɑt	gɛˈrɛn / čei	ǰʌˈmɑɑt	čei / ǰɑˈmɑɑtʰ	čei / gɛn	čei / ǰɑ̱ˈmɑɑt	čeⁱ	čeⁱ / gɛn	čei / ǰɑˈmɑɑt	čei / ǰɑˈmɑɑt	čei / gʰɛn / ǰɑˈmɑɑt	čei / gɛṇ / ǰɑmɑ̀ɑt	ǰɑˈmɑɑt	čeⁱ	čeⁱ	čeⁱ / ǰɑˈmɑɑt	čeⁱ / ǰɑˈmɑɑt	čeⁱ / d͡zˈmɑɑt / gɛɛṇ	čeⁱ / ǰɑˈmɑt	čei / gʸɛṇ / gɛṇ	čei / gʸɛṇ / gɛṇ	čeⁱ	čeⁱ	čei
Backstrom-1992-210f-115	Shina-112	boy	bɑɑ́l	bɑɑ́l	biˈo	bɑ̀ɑ́l / biˈo	bɑ̀ɑ́l	bɑɑ́l	bɑɑ́l	bɑɑ́l	bɑɑ́l	bɑɑ́l	bɑɑ́l	bɑɑ́l	bɑɑ́l	bɑɑ́l	bɑɑ́l	bɑɑl	bɑɑl	bɑl	bɑɑ́l	bɑɑ́l	bɑl	bɑɑ́l	bɑɑ́l	bɑɑ́l	muˈlo / bɑɑ́l	muˈlo̱	muˈlo
Backstrom-1992-210f-116	Shina-113	girl	moˈlɑi	muˈlɑi	moˈlɑi	muˈlɑi	moˈlɑi	moˈlɑi	muˈlɑⁱ	muˈlɑⁱ	moˈlɑi	muˈlɑⁱ	muˈlɑⁱ	moˈlɑⁱ	moˈlɑⁱ	muˈlɑⁱ	muˈlɑⁱ	moˈlɑⁱ	moˈleⁱ	moˈlɑi	muˈlɑⁱ	muˈlʌⁱ	pʰuˈi / muˈlɑi	pʰuˈi	muˈlɑⁱ	muˈlɑⁱ	muˈlɑⁱ	muˈlɑⁱ	mɑˈlɑi
Backstrom-1992-210f-117	Shina-114	day	des	des	ˈdeo	dɛz	det͡s	dez	des	des	des / dez	des	des	des	des	des	des	des	dɛs	dezi	des	des	ǰes	dɛs	des	des	des	des	des
Backstrom-1992-210f-118	Shina-115	night	ˈrɑ̀ɑti̱	ˈrɑ̀ɑti̱	ˈr̃ɑ̀ɑti	ˈrɑ̀ɑti̱	ˈrɑ̀ɑti̱	ˈrɑ̀ɑti	ˈrɑ̀ɑti̱	ˈrɑ̀ɑti̱	ˈr̃ɑ̀ɑti	ˈrɑɑti	ˈrɑ̀ɑti	ˈrɑ̀ɑti̱	ˈrɑ̀ɑti̱	ˈrɑ̀ɑti	ˈrɑ̀ɑti	ˈrɑɑti̱	ˈrɑɑti	ˈrɑti	ˈrɑ̀ɑti̥	ˈrɑ̀ɑti̥	ˈr̃ɑ̀ɑti	ˈrɑ̀ɑti	ˈrɑɑti	ˈrɑ̀ɑti	ˈrɑ̀ɑti̱	rɑ̀ɑti̱	ˈrɑ̀ɑti̥
Backstrom-1992-210f-119	Shina-116	morning	loṣ̌ṭuˈki	loṣ̌ṭiˈki / loṣ̌ˈṭɑk / čʌl	ˈčɑlti	lʊṣ̌ṭɪˈkoo	lʊṣ̌ṭɪˈkʸoo	čʌlbuˈǰìí / ˈčʌlbuǰ	ˈčɑlbu̱č	ˈčɑ̱lbuč	sɑˈbɑɑṭ	čʌl / loˈčeki	sɑbɑ	ˈloṣ̌ṭeⁱ / lo / sʌˈbɑ	ˈloṣ̌ṭeⁱ	čwɛl / čwɛˈluko	čʷɛl	čʷʌl	čʌl / sʌˈbɑṭe	čʷʌl	sɑˈbɑⁱ	sɑˈbɑ	sɑˈbɑ / luṣ̌ɑˈeko	luṣ̌ɑˈeko	sʌˈbɑ / čʷɛl / čʌl	sʌˈbɑ	loo	loo / loošɪˈki	loo / lošɪke
Backstrom-1992-210f-120	Shina-117	noon	dɑˈzoo	dɑˈzòó	dɑˈyòó	dɑˈzoó / dɑˈežɑ	dɑˈzòó / dɑˈyòó	dɑˈzòó	dɑˈyòó	dɑˈyòó	dɑˈyoo	žɑˈo	dɑzo̱	dɑˈzòó	dɑˈzòó	dɑˈzòó	dɑˈzòó	dɑˈzòó	dɑˈzuko		dɑˈzo̱	dɑˈzoó	dɑˈzo	dɑˈzoo	dʌˈzo	dʌˈzo	dɑˈzo̱ / ɣɑrˈmɑ	dɑˈzo̱ / ɣɑrˈmɑ	dɑˈzo̱ / ɣɑrˈmʌ
Backstrom-1992-210f-121	Shina-118	evening	šɑm / bɪˈluki	šɑm / bɪlʌˈkɑɑl	šɑm	šɑm / bɑlɑˈkɑɑ́l	šɑm	šɑm / bɛlʌˈkɑɑ́l	šɑm / bʌzᶺˈkɑl / mɑˈxɑm	šɑm	šɑm / mʌˈxɑm	šɑm / bʌzuˈkɑli	mɑxɑm	mɑˈxɑm	šɑm	šɑm / bɑˈzuko	šɑm	bɑɑs	šɑm	šɑm	mɑˈxɑm / biˈlɑko̱	mɑˈxɑm	mʌˈxɑm / bɪˈlɑdɑ	mɑˈxɑm / bɪˈlɑki	mʌˈxɑm	mʌˈxɑm	mɑˈxɑm	mɑˈxʌm	mɑˈxɑm
Backstrom-1992-210f-122	Shina-119	yesterday	bɪˈlɑʰ	bɪˈlɑʰ / bʌˈlɑ̱ʰ	bɑˈlɑʰ	bɑˈlɑ̱ʰ	bɑˈlɑʰ	bɑ̱ˈlɑ̱ʰ	bʌˈlɑʰ	bʌˈlɑ̱ʰ	biˈlɑ̱	bɪˈlɑʰ	bɪˈlɑʰ	biˈlɑ̱ʰ	biˈlɑ̱ʰ	bɪˈlo̱ko	bɪˈlɑʰ	bɪˈlɑʰ	bɪˈlɑ	bʸɑˈlɑ	bɪˈlɑʰ	bɪˈlɑʰ	biˈlɑʰ	bɪˈlɑʰ	bɪˈlɑʰ	bɪˈlɑʰ	beˈlɑʰ	bɛˈlɑʰ	bɪˈlɑʰ / beˈlɑʰ
Backstrom-1992-210f-123	Shina-120	today	ʌ̱š	ʌ̱š	ˈɑčo̱	ˈɑču̱	ˈɑ̱ču̱	ɑš	ɑ̱š	ɑ̱š	ʌ̱š	ʌš	ʌš	ʌ̱š	ʌ̱š	ʌš	ʌš	ʌ̱š	ɑ̱š	ɑš	ʌš	ʌš	ɑ̱š	ʌš	ʌš	ʌš	ɑ̱š	ɑ̱š	ɑ̱š
Backstrom-1992-210f-124	Shina-121	tomorrow	loṣ̌ˈṭɑki	loṣ̌ˈṭɑki̱ / ḍoĩ	luṣ̌ˈṭe	ˈloṣ̌ṭe	ˈloṣ̌tɛ	luṣ̌ˈṭɑki̥	loṣ̌ˈṭɑɑki̱	luṣ̌ˈṭɑki̥	luˈṣ̌ɑɑkⁱ / loˈṣ̌ṭɑɑkⁱ	looṣ̌ˈč̣ɑki / loˈč̣ɑki	loˈšɑɑ́ki / ḍõõč	ˈloṣ̌ṭeⁱ / loṣ̌ˈṭɑɑki̱	ˈloṣ̌ṭeⁱ	loˈšɑɑ́ki / loṣ̌ṭo	ˈlòoṣ̌ṭo	ˈloṣ̌ṭeⁱ	ˈloṣ̌ṭo	ˈloṣ̌tɛ	ḍõõč / lʊṣ̌ˈṭɑki	ˈḍõõši̱	ˈḍooŋši	ḍooŋše	ˈdoóŋčʰi	loˈṣ̌ɑɑko	ˈḍõõči̥	ḍõõč	ˈḍõõči̥ / luˈč̣ɑki̱
Backstrom-1992-210f-125	Shina-122	week	ˈhʌftʌ	ˈhɑftɑ / sʌdˈdezi	ˈpɑr̃bʌ ˈdeo	hʌpʰˈtɑ	sʌdˈdezi	sɑ̱tˈdezi	sʌdˈdezi	sʌdˈdezi	ˈhʌftɑ / sʌtˈdezi	hʌftɑ		ˈhʌftɑ	ˈhʌftɑ / sʌdˈdezi̱	ɑ̃ṣ̌ dezi	ɑ̃ṣ̌ dezi	ˈhʌftɑ	ˈhʌftɑ / sɑdˈdezi	ˈhʌftɑ	hɑfˈtʌ / sʌdˈdezi	hɑfˈtʌ	hɑfˈtʌ / šʌtˈdezi	sʌtˈdezi	ˈǰʊmɑ / sʌtˈdezi	sʌtˈdezi	ˈǰumɑ / sʌtˈdezi̱	ǰuˈmɑ	ˈǰumʌ / hɑfˈtʌ
Backstrom-1992-210f-126	Shina-123	month	moos	moos	mɑɑz / mɑɑt͡s	mɑɑz	moot͡s / mɑɑt͡s	mɑz	mɑɑt͡s / mɑɑz	mɑɑt͡s	mɑɑs	mɑɑz / mɑt͡s	mòos	mos	mos	mos	mos	mos	mooz / moos	moz	moos	moos	moos	moos	moos	moos	moos	mõõs	moos
Backstrom-1992-210f-127	Shina-124	year	kɑl	kɑl / ˈbʌ̱rɪṣ̌	ˈkɑ̀ɑlo / iˈwelo	sɑl / eˈwelu	kɑ̀ɑlo̱ / ɑˈwelo	kɑɑ́l / ˈbʌrɪṣ̌	sɑl / ɑˈwelo	ɑˈwelo	kɑ̀ɑl / sɑl	kɑl / ɑˈwelo	kɑɑ́l	sɑl / ɑˈwelo	sɑl	kɑl / ɑˈwelo	kɑl / ɑˈwelo	sɑl / ɑˈwelo	sɑl / ɑˈwelo	ˈbʌẓ̌ɪṣ̌	kɑl	kɑɑ́l	kɑɑl	kɑɑl	kɑl	kɑɑ́l	kɑl	kɑl	kɑl
Backstrom-1992-210f-128	Shina-125	old	ˈpòoṇo	ˈpòoṇo	ˈprono̱	ˈpròono	ˈprono̱	ˈpròono̱	ˈprono̱	ˈprono̱	ˈpoṇo	ˈprooṇo̱	ˈproṇo̱ / poṇo̱	ˈprono̱	ˈprono	ˈprooṇo̱	ˈpròoṇo̱	ˈproṇo	ˈprono		ˈproṇo̱ / ˈpoṇo̱	ˈpoṇo̱	ˈpõṇo	ˈpoṇo̱	ˈpoṇo	ˈpoṇo̱	ˈpoṇo̱ / ˈpòoṇo̱	ˈpoṇo̱	ˈpoṇo̱ / ˈpòoṇo̱
Backstrom-1992-210f-129	Shina-126	new	ˈnɑwo / nɑo	nɑ̃u	ˈnɑwo̱	nɑˈu	nɑ̃ũ	nɑ̃u	nɑ̃ũ	nɑ̃ũ	nɑu	nɑ̃ũ	nʌõ	nɑũ	nᶺũ	nɑ̃ũ	nɑ̃ũ	ˈnɑʷo	ˈnɑo		nʌõ	nʌõ	nɑõ	nɑõ	nʌo / noo	nɑɑ	nõ	nõ	ˈno / noo
Backstrom-1992-210f-130	Shina-127	good	ˈmɪṣ̌ṭo̱	ˈmɪṣ̌ṭo̱ / sʌm	ˈmɪč̣o̱	ˈmɪṣ̌ṭu̱	ˈmiṣ̌ṭo	ˈmɪṣ̌ṭo̱ / sʌm	ˈmɪč̣o̱ / ˈmɪṣ̌ṭo̱	ˈmɪč̣o̱	ˈmɪṣ̌o / ˈsʌm	ˈmɪč̣o	mɪṣ̌ṭo	ˈmɪṣ̌ṭo̱ / sʌm	ˈmɪṣ̌ṭo̱	ˈmɪṣ̌ṭo / sʌm	ˈmɪṣ̌ṭo	ˈmɪṣ̌ṭo̱	ṣ̌ɑˈboko	ˈmɪṣ̌to / ṣ̌ɑˈboko	ˈmɪṣ̌ṭo	ˈmɪṣ̌ṭo	ˈmɪṣ̌ṭo / sʌm	ˈmɪṣ̌ṭo	mʌṇᶺˈne / sʌm	mʌṇʌˈne	mɑṛʌˈnɑⁱ / ˈsʌmʊn	mɑṛʌˈnɑⁱ	mɑṛʌˈnei / sʌm
Backstrom-1992-210f-131	Shina-128	bad	ˈkʰʌčo̱	ˈkʰʌčo̱	kʰʌ̱ˈčɑ̱ṭo̱	ˈkʰʌču / kʰʌˈčʌṭʰu	ˈkʰʌčo / kʰʌˈčʌtu	ˈkʰʌčo̱	ˈkʰʌčo̱	ˈkʰʌčo̱	ˈkʰʌ̱čo̱	ˈkʰʌčo	ˈkʌčo	ˈkʰʌčo̱	kʰʌčo̱ / kʰʌˈčɑṭo̱	ˈkʰʌčo	ˈkʰʌčo	ʌˈt͡sʌko	ʌˈt͡sʌko		ˈkʰʌčo̥	ˈkʰʌčo̥	ɑˈsɑko / ˈkʰʌčo	ʌˈsʌko	ʌˈt͡sʌko	ʌˈsʌko	ɑˈsʌko̱ / kʌˈč̣ɑṭo	ɑˈt͡sʌko̱ / kʌˈčɑ̱ṭo̱	kʌčʌṭo̱
Backstrom-1992-210f-132	Shina-129	wet	ˈɑẓ̌o	ˈɑẓ̌o̱	ˈɑẓ̌o̱	ˈɑẓ̌o̱	ˈɑẓ̌o / biˈlɑdu̱	ˈɑẓ̌o̱	ˈɑẓ̌o	ˈɑẓ̌o	ˈɑẓ̌o̱ / bɪˈlɑdo	ˈɑẓ̌o̱	ˈɑẓ̌o̱ / bɪˈlʌdo	ˈɑẓ̌o̱	ˈɑẓ̌o̱	ˈɑẓ̌o̱ / bɪˈlʌdo	ˈɑẓ̌o̱ / bɪˈlʌdo	ˈɑẓ̌o̱ / bɪˈlʌdo	ˈɑẓ̌o / biˈlɑdo	ˈɑẓ̌o	ˈɑẓ̌o̱ / bɪˈlʌdo	ˈɑẓ̌o̱ / bɪˈlʌdo	ˈɑẓ̌e / bɪˈlɑdo / sɑˈkɑro	bɪˈlʌdo	bɪˈlʌdo / sʌˈkʌro	sʌˈkʌro	biˈlɑ̱do̱	ˈɑẓ̌o̱ / biˈlɑdo̱	ɑžo̱ / biˈlʌdo
Backstrom-1992-210f-133	Shina-130	dry	ˈšuko	ˈšuko	ˈšuko̱	ˈšuku̱	ˈšuku̱	ˈšuko̱	ˈšu̱ko̱	ˈšuko̱	ˈšuko̱	ˈšuko	ˈšuko	ˈšuko̱	ˈšuko̱	ˈšuko	ˈšuko	ˈšuko̱	ˈšuko	ˈšuko	ˈšuko̱	ˈšuko̱	ˈšuko	ˈšuko	ˈšuko	ˈšuko	ˈšiku̥	ˈšu̱ku̥	ˈšuku̥
Backstrom-1992-210f-134	Shina-131	long	ˈẓ̌ɪgo̱	ˈǰ̣ɪ̱go̱ / ˈẓ̌ɪgo̱	ˈẓ̌igo̱	ˈǰ̣ɪ̱gu̱	ˈǰ̣ɪ̱go̱ / ˈẓ̌i̱go	ˈǰ̣igo̱	ˈǰigo̱	ˈẓ̌igo	ˈẓ̌igo̱ / ˈǰ̣igo	ˈǰ̣ɪgo	ˈẓ̌igo	ˈǰ̣igo̱	ˈǰ̣igo̱	ˈẓ̌ɪgo	ˈẓ̌ɪŋo	ˈǰ̣igo̱	ˈẓ̌iŋo	ˈẓ̌iŋo	ˈǰ̣igo̱ / ˈẓ̌igo̱	ˈẓ̌igo̱	ˈẓ̌ɪ̱go	ˈẓ̌ɪgo	ˈẓ̌igo	ˈẓ̌igo	ˈẓ̌i̱go̱ / ˈẓ̌ʊgo̱	ˈẓ̌ɪgo̱ / ˈẓ̌ʊgo̱	ˈẓ̌ɪgo̱ / ˈẓ̌ʊgo̱
Backstrom-1992-210f-135	Shina-132	short	ˈkʰu̱ṭo̱	ˈkʰu̱ṭo̱	kʰu̱ˈṭo	kʰoˈṭo̱	ˈkʰu̱to̱	ˈkʰuṭo̱	ˈkʰuṭo̱	ˈkʰuṭo	ˈkʰʊṭo̱	ˈkʰuṭo	ˈkʰuṭo	ˈkʰuṭo̱	ˈkʰuṭo̱	ˈkʰuṭo	ˈkʰuṭo	ˈkʰuṭo̱	kʰʊˈṭuṭo		ˈkʰuṭo̱	ˈkʰuṭo̱	ˈkʰuṭo	ˈkʰuṭo̱	ˈkʰuṭo	ˈkʰuṭo	ˈkʰuṭo̱	ˈkʰuṭʰu̥	ˈkʰʊṭo̥
Backstrom-1992-210f-136	Shina-133	hot	ˈtɑto	ˈtɑɑto̱	ˈtɑɑ́to	ˈtɑɑ́to	ˈtɑɑ́tu̱	ˈtɑɑ́to	ˈtɑ̀ɑto̱	ˈtɑ̀ɑto	ˈtɑɑ́to	ˈtɑɑto	ˈtɑɑto	ˈtɑto	ˈtɑto	ˈtɑɑto	ˈtɑto	ˈtɑto	ˈtɑto	ˈtɑto	ˈtʌto̱	ˈtʌto̱	ˈtɑɑto	ˈtʌto̱	ˈtʌto	ˈtʌto	ˈtʌto̱	ˈtʌto	ˈtʌ̱tʰ / ˈtʌto̱
Backstrom-1992-210f-137	Shina-134	cold	šɪˈdʌlo	šɪˈdʌlo	soór̃	šɪˈdɑlo / soór	šɪˈdʌlo / soór	šiˈdɑlo	šɪˈdʌlo̱	šiˈdʌlo / soór̃	šɪˈdɑlo	šɪˈdʌlo	šiˈdʌlo / soór	č̣ɑˈõ / šɪˈdʌlo	č̣ɑˈũ	čɑˈŋo / šɪˈdʌlo	čɑˈŋo	č̣ɑˈũ	č̣ʰʌˈŋo	č̣e	šiˈdʌlo / čõⁱ	šiˈdʌlo / č̣ɑˈŋo	ši̱ˈḍɑlo / č̣ɑˈŋo	šiˈdʌlo	šɪˈdʌlo	č̣ʌˈʰu	č̣ɑˈũũ	č̣ɑ̃ˈũũ	č̣ũũ
Backstrom-1992-210f-138	Shina-135	right	dɑˈč̣ʰino̱ / dɑˈṣ̌ino̱	dɑ̱ˈč̣ʰino̱	dɑ̱ˈč̣i̱no̱	dʌˈč̣ʰinu̱	dɑˈč̣ʰino̱	dʌˈṣ̌ino̱ / dʌˈč̣ʰino̱	dɑ̱ˈč̣ɪno̱ / dɑ̱ṣ̌ɪno̱	dɑˈṣ̌i̱no	dʌˈṣ̌iṇo	dɑˈṣ̌ini	dɑˈšino	dɑˈč̣ino̱ / dɑˈṣ̌ino̱	dɑˈč̣ino̱	dʌˈšɪno̱	dɑṣ̌ˈṭino	dɑṣ̌ˈtino	dɑṣ̌ˈč̣ino	dʌṣ̌ˈtino	dɑˈṣ̌ino	dɑˈṣ̌ino	dɑˈṣ̌i̱ŋi	lɑˈč̣ino	dɑˈč̣ʰino	dɑˈṣ̌ino	dɑˈč̣ino̱ / dɑˈṣ̌ino̱	dɑˈčɪ̱no̱ / dɑˈčʊno̱	dɑˈṣ̌inɛ̱
Backstrom-1992-210f-139	Shina-136	left	ˈkʰʌbo̱	ˈkʰʌbo̱	ˈkʰʌbo	ˈkʰʌbo	ˈkʰʌ̱bo	ˈkʰʌbu	ˈkʰʌ̱bo̱	kʰɑ̱ˈbo̱	ˈkʰʌbo̱ / ˈxʌbo̱	ˈkʰʌbo	ˈkʰɑbo	ˈkʰʌbo̱	ˈkʰʌbo̱	ˈkʰʌbo	ˈkʰʌbo	ˈkʰʌbo̱	ˈkʰʌbo	kʰɑiˈbom	ˈkʰɑbo	ˈkʰɑbo̱	ˈkʰɑbi	ˈkʰʌbo	ˈkʰʌbo / kʰʌˈbʊto	ˈkʰʌbo	koˈbotʰu̱	kɑˈbotʰu̥ / kɑˈbʌtʰo̱	kɑˈbʊto̱
Backstrom-1992-210f-140	Shina-137	near	ˈkʌči	ˈkʌči	ˈkʌči̱	ˈkʌči̱	ˈkʌči	ˈkʌči	ˈkʌči	ˈkʌči̱	ˈkʌči̱ / ˈɛɛlɑ	ˈɛle	ˈɛlɛ	ˈele̱ / ˈkʌči	ˈele̱	ˈele / ˈkʌči̱	ˈele	ˈele̱	ˈeele / ˈɛɛlɛ		ˈɛlɛ	ˈɛlɛ / ˈkʌči̱	ˈkʌše̱	ˈkʌči̱	ˈɛle	ˈɛlɛ	ˈɛlʌ̱ / ˈɛɛlʌ̥	ˈɛlʌ̥	ˈɛlɛ̱
Backstrom-1992-210f-141	Shina-138	far	dur̃	dùúr	dùúr	dùúr	dùúr̃	dùúr	dùúr̃	dùúr	dùúr	duur	duur	duúr	duur	duúr	duur	duur	duur		duur	duur	dur	duur	duur	duur	duúr	dùúr / dur	dur
Backstrom-1992-210f-142	Shina-139	big	ˈbʌṛo	ˈbʌ̱ṛo̱	ˈbʌ̱ṛo	ˈbʌṛo	ˈbʌṛo	ˈbʌṛo	ˈbʌṛo̱	ˈbʌṛo	ˈbʌṛo	ˈbʌṛo	ˈbʌṛo	ˈbʌṛo	ˈbʌṛo	ˈbʌṛo	ˈbʌṛo	ˈbʌṛo	ˈboṛo	ˈbɑṛo	ˈbʌṛo	ˈbʌṛo	ˈbʌṛo	ˈbʌṛo	ˈbʌṛo	ˈbʌṛo	ˈbʌṛo̱	ˈbʌṛo	ˈbʌṛo
Backstrom-1992-210f-143	Shina-140	small	ˈčuno̱	ˈču̱no̱	ˈču̱no̱	ˈčuno	ˈčuno	ˈčuno̱	ˈčuno̱	ˈčuno	ˈčuṇo	ˈčuṇo	čuno	ˈčuṇo̱	ˈčuno̱	ˈčuṇo	ˈčuṇo	ˈčuno̱	ˈčuno	ˈčuṇi	ˈčuṇo	ˈčuṇo	ˈčuṇo	ˈčuno	ˈčuno	ˈčuno / ˈlɛko	ˈlɛku̥	ˈlɛku̥	ˈlɛku̥
Backstrom-1992-210f-144	Shina-141	heavy	hɑˈguro	hɑˈguro	ɑˈguro	ɑˈguro	hɑ̱ˈgu̱ro	hɑˈguro / ɑˈguro	ɑˈguro̱	ɑˈguro	hɑ̱ˈguro̱	hɑˈguro	hɑˈguro	hɑˈguro̱	hɑˈŋuro̱ / ɑŋˈuro̱	ɑˈŋur̃o	ɑˈŋur̃o	ɑŋˈuro̱	ɑˈŋuro		hɑˈguro	hɑˈguro	hɑˈguro	hɑˈguro	hɑˈguro	hɑˈguro	hɑˈguro	hɑˈguro̱	hɑˈguro
Backstrom-1992-210f-145	Shina-142	light	lɑˈhʊko	ˈloóko̱	ˈloóko̱	ˈloóko	ˈloóko̱	ˈloóko	ˈloóko̱	ˈloóko	ˈloóko	ˈloóko̱	ˈloóko	ˈloóko̱	ˈloóko̱	ˈloóko̱	ˈloóko̱	ˈloóko̱	ˈlooko	ˈloko	lɑˈhokʰu̱	lɑˈhokʰu̱ / loóko	lɑˈoko	lɑˈhuko	lɑˈhuko	lɑˈoko	lɑˈhoku̱ / lɑˈʰoku̥	lɑˈhoku̱	lɑˈhuko̥ / lɑˈʰuko̥
Backstrom-1992-210f-146	Shina-143	above	ɑˈǰɑ̱	ɑˈǰɑ̱	ɑˈǰɑ̱ʰ	ɑˈǰi̱	ɑˈǰi	ɑˈži̱ / ɑˈǰi̱	ɑˈǰe̱	ɑˈǰe̱	ɑˈǰi̱	ʌˈǰɑ	ɑˈǰɑ	ɑˈǰɑ̱ʰ	ɑˈǰɑ̱ʰ	ʌˈǰʌ / ʌˈǰe	ʌˈẓ̌ʌ	ɑˈǰɑ̱ʰ	ɑˈǰɑ	ɑˈǰɑ	ɑˈǰɑ	ʌˈǰɑ	ɑˈžɑ / ɑˈǰɑ	ɑˈǰɑ	ʌˈǰʌ	ɑˈyɑ	uˈtʰɑlo̱	ˈḍogu / uˈtʰɑlo	ˈḍogo̱
Backstrom-1992-210f-147	Shina-144	below	kʰʊˈnɑ	ˈkʰɪri	kʰiˈri̱	ˈkʰɪri̱	ˈkʰɪri̱	ˈkʰɪri̱	ˈkʰɪri̱	kʰɪˈri	ˈkʰɪri	ˈkʰɪri	ˈkʰɪrɛ	ˈkʰʌri̱	ˈkʰʌri̱	ˈkʰʌri	ˈkʰʌri	ˈkʰʌri̱	ˈkʰʌri	ˈkʰʌri	ˈkʰʌri	ˈkʰʌri	ˈkʰɑri	ˈkʰʌri	ˈkʰʌri	ˈkʰɑrɛ	ˈkʰɛre̱ / ˈkʰʌre̱	ˈkʰʌre̱ / ˈkʰɛre̱	ˈkʰʌri̱
Backstrom-1992-210f-148	Shina-145	white	ˈšeo	ˈšeo	ˈšeo	ˈšeu	ˈšeo	ˈšeo	ˈšeo	ˈšeo	šoo	ˈšeo	šo	še̱o	še̱o	šo	šo	šɪo	šo	šo	šo	šo	šeo	ˈšɪo	ˈšio	ˈšio	šeo / šⁱo	ˈšeo / šᶦo	šeo / šoo
Backstrom-1992-210f-149	Shina-146	black	ˈkino	ˈkino	ˈkino	ˈkinu̱	ˈkɪno̱	ˈkino̱	ˈkino̱	ˈkino̱	ˈkɪṇo̱	ˈkiṇo	kiṇo	ˈkiṇo	ˈkiṇo	ˈkino	ˈkiṇo	ˈkiṇo	ˈkiṇo	ˈkiṇo	ˈkiṇo	ˈkiṇo	ˈkɪṇo	ˈkiṇo	ˈkiṇo	ˈkiṇo	ˈki̱ṇo̱	ˈki̱ṇo̱	ˈki̱ṇo̱
Backstrom-1992-210f-150	Shina-147	red	luˈhilo	ˈloólʸo̱	luˈʷo̱	ˈloⁱlu / ˈlɑⁱlu	lou	ˈloólʸo	loo / ˈlolo / ˈlowo	loo	loo	loo	ˈlolo	ˈloólo̱	ˈloólo̱	ˈlolo / ˈlolʸo	ˈlolo	ˈloólo̱	ˈlolo	ˈlolo	ˈlilo / ˈlolo	ˈlilo / ˈlolo / lɪˈhilo	ˈliilo	luˈhilo	luˈhilo	luˈelo / ˈlolo	lɪ̱ˈhilo̱	li̱ˈhilu	li̱ˈhɪlo̱
Backstrom-1992-210f-151	Shina-148	one	ɛk	ɛk	ɛ̱k	ɛ̱k	ɛk	ɛ̱k	ɛk	ɛk	ɛk	ɛk	ɛk	ɛk	ɛk	ɛk	ɛk	ɛk	ɛk	ɛk	ɛk	ɛk	ɛk	ɛk	ɛk	ɛk	ɛk	ɛk	ɛkʰ
Backstrom-1992-210f-152	Shina-149	two	du	du	du	du	du	du	du	du	du	du	du	du	du	du	du	du	du	du	du	du	du	du	du	du	du	du	du
Backstrom-1992-210f-153	Shina-150	three	č̣e	č̣e	č̣e	č̣ee / č̣ᵘee	č̣e	č̣ee	č̣e	č̣e	č̣ᵘee / č̣ee	č̣e	č̣e	č̣e	č̣e	č̣e	č̣e	č̣e	č̣e	č̣e	č̣e	č̣e	č̣e	č̣e	č̣e	č̣e	č̣e	č̣eⁱ	č̣ᵘe
Backstrom-1992-210f-154	Shina-151	four	čɑr̃	čɑr̃	ˈčɑwu	čɑr	čɑr̃	čɑr	čɑr	čɑr̃	čɑr	čɑr̃	čɑr̃	čɑr	čɑr	čɑr	čɑr̃	čɑr	čɑr	čɑr	čɑr̃	čɑr̃	čɑr	čɑr	čɑr	čɑr̃	čɑr	čɑr	čɑr
Backstrom-1992-210f-155	Shina-152	five	po̱š	po̱š	põi	põⁱ	põĩ	po̱š	po̱š	põĩ	po̱š	põĩ	poš	po̱š	po̱š	poš	põš	po̱š	poš	põš	poš	poš	poš	poš	poš	poš	po̱š	po̱š	po̱š
Backstrom-1992-210f-156	Shina-153	six	ṣ̌ɑ̱	ṣ̌ɑ̱	ṣ̌ɑ	ṣ̌ᵘɑ	ṣ̌ɑ	ṣ̌ɑ̱	ṣ̌ɑ̱	ṣ̌ɑ̱	ṣ̌ᵘʌ	ṣ̌ʌ	ṣ̌ʌ	ṣ̌ɑ̱	ṣ̌ɑ̱	ṣ̌ʌ	ṣ̌ʌ	ṣ̌ɑ̱	ṣ̌ʌ	ṣ̌ʌ	ṣ̌ʌ	ṣ̌ʌ	ṣ̌ʌ	ṣ̌ɑ	ṣ̌ʌ	ṣ̌ʌ	ṣ̌ɑ	ṣ̌ɑ̱	ṣ̌ɑ / ṣ̌ʷɑ
Backstrom-1992-210f-157	Shina-154	seven	sʌt	sʌt	sʌt	sʌt	sʌt	sʌ̱t	sʌtʰ	sʌtʰ	sʌ̱t	sʌtʰ	sʌtʰ	sʌt	sʌt	sʌtʰ	sʌtʰ	sʌt	sʌt	sʌt	sʌtʰ	sʌtʰ	sʌtʰ	sʌtʰ	sʌtʰ	sʌtʰ	sʌtʰ	sʌtʰ	sʌtʰ
Backstrom-1992-210f-158	Shina-155	eight	ʌ̃ṣ̌t	ɑ̱ṣ̌	ɑ̃nč̣	ɑ̃č̣ʰ	ɑ̃č̣	ɑ̱̃ṣ̌	ɑ̃š	ɑ̃č̣	ɑ̃ṣ̌	ʌṭ	ʌ̃ṣ̌	ʌ̃ṣ̌	ʌ̃ṣ̌ṭ	ɑ̃ṣ̌	ɑ̃ṣ̌ṭ	ɑ̃ṣ̌ṭ	ʌ̃ṣ̌ṭ	ɑ̃ṣ̌ṭ	ɑ̃ṣ̌	ʌ̃ṣ̌	ɑ̃ṣ̌	ɑ̃ṣ̌	ʌ̃ṣ̌	ɑ̃ṣ̌	ɑ̃ṣ̌	ɑ̃ṣ̌	ɑ̃ṣ̌
Backstrom-1992-210f-159	Shina-156	nine	nɑõ	nʌõ	nùũ	nʌo	ˈnɑ̱o	nɑu	nɑ̃ũ	nɑ̃ũ	nᶺõ	nɑ̃õ	nɑ̃õ	nᶺõ	nᶺõ	nɑ̃õ	nɑ̃õ	nᶺõ	nɑo	nɑu	nɑ̃õ	nɑ̃õ	nɑõ	nɑ̃õ	nɑo	nɑ̃õ	nɑ̃ũ	nɑ̃ũ	nʌũ
Backstrom-1992-210f-160	Shina-157	ten	dɑⁱ	dɑi	dɑ̱i	dɑⁱ	dɑi	ˈdei / ˈdɑi	ˈdʌi	dʌi	dʌ̱i̱	dʌⁱ	dʌⁱ	dɑi	dɑi	dɑⁱ	dʌⁱ	dɑi	dɑi	ˈdɑi	dɑⁱ	dʌⁱ	dɑi	dɑⁱ	dʌⁱ	dɑⁱ	dɑi	ˈdɑi	dɑi
Backstrom-1992-210f-161	Shina-158	eleven	ʌˈkɑi	ɛˈkɑi	ɪˈkɑi	ɪˈkɑi	ʌˈkɑi	ʌˈkɑi	ɛˈkɑi	ɛˈkɑi	i̱ˈkɑi	ɪˈkɑi	ʌkɑⁱ	ʌˈkɑi	ʌˈkɑi	ʌˈkɑⁱ	ʌˈkɑⁱ	ʌˈkɑi	ʌˈkɑi	ʌˈkɑi	ʌˈkɑⁱ	ʌˈkɑⁱ	ʌˈkɑi	ʌˈkɑⁱ	ʌˈkɑⁱ	ʌˈkɑⁱ	ʌˈkɑi	ɑˈkɑⁱ	ɑˈkɑi
Backstrom-1992-210f-162	Shina-159	twelve	bɑi	bɑi	bɑi	ˈbɑi	bɑi	ˈbɑi	bɑi	ˈbɑi	bɑi	bɑi	bɑⁱ	ˈbɑi	ˈbɑi	bʷɑⁱ	bʷɑⁱ	bʷɑⁱ / bʷoi	bʷoi	bʷɔi	bɑⁱ	bɑⁱ	bɑi	bɑⁱ	bɑi	bɑⁱ	bɑi	bɑi	bɑi
Backstrom-1992-210f-163	Shina-160	twenty	bìí	bìí	bìí	bìí	bìí	bìí	bìí	bìí	bìí	bii	bìí	bìí	bìí	bìí	bìí	bìí	bií	bii	bií	bií	bií	bií	bìí	bii	bìí	bìí	bii
Backstrom-1992-210f-164	Shina-161	one hundred	šʌl	šʌl	šʌl	šʌl	šʌl	šʌl	šʌl	šʌl	šʌ̱l	šʌl	šʌl	šʌl	šʌl	šʌl	šʌl	šʌl	šʌl	šɛl	šʌl	šʌl	šʌl	šʌl	šʌl	šʌl	šʌl	šʌl	šʌl
Backstrom-1992-210f-165	Shina-162	who	kòó	kòó	kòó	kòó	kòó	kòó	kòó	kòó	kòó	koo	kòí	koi	koi	koi / koo	koí	koi	ˈkoi	koi	koi	koi	koe	koe	koi	koi	koˈeⁱ / kʷeⁱ	ˈkoe / koi	ko̱ˈeⁱ / kʷeⁱ
Backstrom-1992-210f-166	Shina-163	what	ǰek	ǰek	ǰek	ǰek	ǰek	ǰek	ǰek	ǰɛk	ǰek	ǰek	ǰek	ǰok	yok	yok / ǰek	yok	ǰok	ǰok	žok	ǰok	ǰok	ǰe / ǰek	ǰe	ǰok	ǰok	ǰuk / ǰoo	ǰo / ǰok	ǰok / žok / ǰoo
Backstrom-1992-210f-167	Shina-164	where	koóni	koón	ˈkoóni̱	koónʸi	kòón	koóṇ / koónṭe	koón	kòónʸ / ǰɑ	kòón	ˈǰɑɑṭe	koón	ˈkoónɛ	ˈkoónɛ	ˈkoónɛ / ǰɑ	ˈkoónɛ	ˈkoonɛ	ˈkoónṭe	ˈkone	ˈkoónʌ / ˈkudi	ˈkoónʌ	ˈkoólɛ̱	koólɛ̱	ˈkoodɑ	ˈkoodɑ	kuˈdìí / ˈkoṛo	kooṛ	ˈkoṛo̱ / ˈkooṛo̱
Backstrom-1992-210f-168	Shina-165	when	kʌˈree	kʌˈrèé	kʌˈrèé	kɑˈrɛ̀ɛ́	kɑˈrèé	kɑˈrèé	kɑˈrèé	kɑˈrèé	kɑˈrèé	kʌˈree	kʌˈrèé	kɑˈreé	kɑˈreé	kʌˈrèé	kʌˈrèé	kɑˈree	kɑˈre̱	ˈkɑre	kʌˈrʌ	kʌˈrʌ / kʌˈreé	kɑˈrɛɛ́	kʌˈreé	kʌˈreé	kʌˈreé	kʌˈrʌ	kʌˈrʌ	kʌˈrɑ
Backstrom-1992-210f-169	Shina-166	how  many	kʌˈčɑɑk	kʌˈčɑk / kʌˈtɑk	kʌˈtʸɑk	kɑˈčɑɑk / kʌˈtʸɑɑk	kʌˈčɑɑk / kʌˈtʸɑk	kʌˈčɑk	kʌˈčɑɑk	kɑ̱ˈčɑɑk	kɑ̱ˈčɑk	kʌˈčɑɑk	kʌˈčɑɑk	kʌˈčɑk	kʌˈčɑk	kʌˈčɑk	kʌˈčɑɑk	kʌˈčɑɑk	kʌˈčɑ	ˈkʌčʌ	kʌˈčɑɑk	kʌˈčɑɑk	kʌˈčɑɑk	kʌˈčɑɑk	kʌˈčɑɑk	kʌˈčɑɑk	kʌˈčɑk / kʌˈčɑɑ	kʌˈčɑɑ	kʌˈčɑk
Backstrom-1992-210f-170	Shina-167	which	kʌˈyok	kèé / kòó	kòó	kòó / kɑˈyek	kòó / kɑˈyok	kòó / kòók	kòó / kei	kòó / kèé	kòó / kèé	kook	kòí	koi	koi	kòí / kòó	kòí	kʌˈnɑok / kʌˈnɑo	koi / kɑˈnu		kòí	kòí	koi	koi / kʌˈdɑᵒ	kʌˈdo	kʌˈdo	kòí / ǰo	ˈkoe / kɑ̃	kʌˈdo
Backstrom-1992-210f-171	Shina-168	this	ˈɑnu̱	ˈɑnu̱	ɑˈno̱	ˈɑnu̱	ɑˈnu̱	ˈɑnu̱ / ˈɑne	ˈɑnu̱	ˈɑno / ˈɑne	ˈɑ̱nu̱	ʌˈno	ʌno	ˈɑnu̱ / ˈɑni̱	ˈɑnu̱ / ˈɑni̱	ˈʌni̱ / ˈʌno̱	ˈʌni̱	ˈɑnu̱	ˈɑnu	ˈɑno	ˈɑno	ɑi	ˈɑnũ	ˈʌnu	ɑˈno̱	ˈɑno	ɑi	ɑi	ɑi
Backstrom-1992-210f-172	Shina-169	that	ɑˈlo	òó	òó	oó / ˈpɑro	òó	oó / ro̱ / eé	òó	òó	òó	ɑɑ	ɑɑ́	ɑɑ́	ɑɑ́	ɑ̀ɑ́ / òó	ɑ̀ó	ɑo	ˈɑo	ˈɑu	ɑi / pɑˈrɑi	ɑi / ɑɑ	ˈɑlo	ˈʌṛo	ɑˈyo	ɛˈɑ	ɑi / ɑˈsʌ	ɑi	ɑˈso
Backstrom-1992-210f-173	Shina-170	these	ˈɑni̱	ˈɑ̱ni̱	ɑˈni̱	ˈɑni	ˈɑni	ˈɑni	ɑˈni̱	ˈɑni̱	ˈɑ̱ni̱	ˈʌni̱	ʌni̱	ˈɑni̱	ˈɑni̱	ˈʌni̱	ˈʌni̱	ˈɑni̱	ˈɑni		ˈɑni̱	ɑi	ˈɑni	ˈʌni̱	ˈɑni̱	ˈʌni̱	ɑi / ɑɑ	ɑi	ɑi / ɑɑ
Backstrom-1992-210f-174	Shina-171	those	ˈɑli	èé	èí	ee / pɑˈreⁱ	èí	eí	ei	èí	èé	ee	ɑⁱ	ɑi	ɑɑ́	èé / òó	ɑɑ́ / eé	ɑɑ	ɑɑ		ɑi / pɑrɑⁱ	ee	ˈɑle	ɑˈṛi	ˈɑde	ˈɑde	ɑi / ɑɑ	ɑi	ɑˈso
Backstrom-1992-210f-175	Shina-172	same	pʌˈruule	pʌˈr̃uule / ɛk ˈkɪsme	ɛk pɑˈr̃uule	ˈɛkɛ̱ pɑˈrulɑ	ɛkʌ pɑˈrolʌ	ɛk pɑˈruule̱ / ɛk šɑn	ˈɛkʌ ˈpoolo̱	ɑ̱kʌˈpoolo̱	pɑˈruule / ˈpoólo̱	pɑˈrulo	ɛk šɑn	pɑˈrulɛ	pɑˈrulo / ɛk šɑn	pɑˈrulɛ	pɑˈrulo	pɑˈruule	pɑˈrule		pɑˈrulo / ɛk šɑn	ɛk šɑn	ɛk šɑn	ɛk šɑn	ɛk šɑn	ɛk šɑn	ɛk ˈkɪsʌm	ɛk ˈkisᶺme / ɛk ˈšɑnyo	ɛkʰ t͡siz
Backstrom-1992-210f-176	Shina-173	different	ˈmute ˈmute	ˈyuulɛ̱ / ˈčʰɛle̱	ˈyuulɛ̱ / ˈʌlʌk ˈʌlʌk	ˈyule ˈyule / mutʰe	ˈmutɛ	ˈčʰɛle ˈčʰɛle	ˈčʌlo̱	ˈčʌlo̱ / ˈčɛlɛ̱	ˈʌlʌg / ˈčʰɛlo / ˈyulo	ɑlʌg ɑlʌg	ɑlʌk ɑlʌk	ˈʌlʌg ˈʌlʌg / ˈmʊtʰo̱ / ˈhurɛ / ˈčʰɛlo	ˈʌlʌg / ˈmʊtʰo̱ / ˈhurɛ	ˈhuro	ˈɑlʌk / ˈhuro	ˈʌlʌg ˈʌlʌg	ʌlʌg ʌlʌg		ˈmutʰʌ	ǰuˈdɑ / ɑlʌg ɑlʌg	ǰuˈdɑ ǰuˈdɑ / ɑlʌk ɑlʌk	ˈɑlʌg ˈɑlʌg / čʰɛle čʰɛle	ǰuˈdɑ ǰuˈdɑ	ǰuˈdɑ ǰuˈdɑ	ǰuˈdɑ / ˈmutʰu̱ rʌŋ	ǰuˈdɑ / ˈmutʰu̱	ǰuˈdɑ
Backstrom-1992-210f-177	Shina-174	whole	ˈpurɑ / tɑˈzɑ	ˈpùuro	ṭo̱k	ˈpùuro / tʊk	ṭo̱k	ˈpuro / nɛ pʰuˈṭulo	ˈpuuro	nɑ pʰuˈṭiyo	ˈpùuro	ˈpuro / ˈtɑzɑ	puuro	ˈpuuro̱	ˈpuuro̱ / noo pʰuˈṭilo	ˈpùuro̱		ˈpuuṇo	ˈtɑzɑ		ˈpuuro	ˈpuuro	ˈpʰuro / ˈǰiino	sɑf	ˈǰino	ˈsɑf	ˈsɑ̀ɑro̱ / nʌ pʰuˈṭʰilo	ˈsɑro̱ / roɣ	puuro / roɣ
Backstrom-1992-210f-178	Shina-175	broken	pʰuˈṭʰilo̱	pʰuˈṭʰilo̱	ṭʌq / pʰʊˈṭiido / fʊˈṭiido	ṭʌq	pʰuˈṭidu	pʰuˈṭilo	pʰuˈṭiiyo	pʰuˈṭiyo	fuˈtilo / fuˈtido	pʰuˈṭu	pʰuṭilo	pʰuˈṭʰilo	pʰuˈṭʰilo	pʰuˈṭito / pʰuˈṭilo	pʰuˈṛilo	pʰuˈṛilo	pʰoˈṛilo	pʰoˈṭʸono	pʰuˈṭilo	pʰuˈṭilo	pʰuˈṭilo	pʰuˈṭilo	pʰuˈṭilo	pʰuˈṭilo	pʰuˈṭʰilo	pʰuˈṭʰilo̱	pʰuˈṭʰɪlo
Backstrom-1992-210f-179	Shina-176	few	ˈɑpo / kʌm	ˈɑpo / ˈkʌmɛk	ˈkʌ̱mʌ̱k	ˈkʌmɛk	ˈkʌmʌk	ˈɑpo / ˈkʌmɛk	ˈɑpo / ˈkʌmʌk	ˈɑpo	ˈʌpo / ˈkʌmʌk	ˈɑpo / kʌmɛk	kʌmʌkʰ	ˈɑpo / ˈkʌmʌk	ˈɑpo / ˈkʌmʌk	ˈɑpo / ˈkʌmʌkʰ	ˈɑpʰo / ˈkʌm		ˈkʌmɪk	zɑsɛk	ˈɑɸo / ˈkʌmʌkʰ	ˈɑɸo / ˈkʌmʌkʰ	ˈɑpʰo / ˈkʌm	ˈɑpʰo	ˈɑpo	ˈɑpo	ˈɑfo̱ / kʌm	ˈɑfo	ˈɑpʰo
Backstrom-1992-210f-180	Shina-177	many	lɑu	lɑu / lɑɑ	ˈbodo̱	ˈbode	ˈbodu̱	ˈbodo̱	ˈbodo̱	ˈbodo̱	ˈbodo	ˈbodo	lɑ / ˈbode	ˈlɑu / ˈlɑi / lɑ	ˈlɑu / lɑ	lɑ / ˈbodɛ̱	ˈlɑu / lɑ	ˈlɑu	ˈbodo	lɑ	lɑ / ˈbodo̱	lɑ	ˈlɑṛo	ˈlɑṛo	loo	lɑo	loo	ˈlou̱	ˈloo
Backstrom-1992-210f-181	Shina-178	all	ˈbuṭɛ̱	ˈbuṭɛ̱	ˈbuṭe̱	ˈpùure	ˈbuṭɛ̱ / ˈpuure	ˈbuṭe̱	buˈṭe / ˈpuure	ˈbuṭe̱	ˈpùure / ˈbu̱ṭe̱	ˈbuṭe	buṭɛ	ˈbuṭɛ̱	ˈbuṭɛ̱	ˈbuṭɛ / ˈpuurɛ	buṛo̱	ˈbuḍe	ˈbuṛe	buḍe	ˈbuṭo̱	ˈbuṭɛ	ˈbuṭe	ˈbuṭe	ˈbuṭe	ˈbuṭɛ	ˈbuṭɛ̱ / ˈbuṭʌ̱	ˈbuṭʰɛ	ˈbuṭɛ̥
Backstrom-1992-210f-182	Shina-179	you eat!	tu̱s kʰɑ̱ʰ	tu̱s kʰɑ̱ʰ	tusʌ̱ kʰɑʰ	tu̱s kʰɑ̱ʰ	tu̱s kʰɑ̱ʰ	tu̱s kʰɑ̱ʰ	tu̱s kʰɑ̱ʰ	tu̱s kʰɑ̱ʰ	tʊs kʰɑ̱ / xɑ̱ʰ	tusɛ kʰɑ	tus kɑʰ	tus kʰɑʰ	tu̱sɛ kʰɑ̱ʰ	tus kʰɑʰ	tusɛ kʰɑ	tu̱sɛ kʰɑ̱ʰ	tusɛ kʰɑ	kʰono	tu̱s kʰɑ	tu̱s kʰɑ	tuse kʰɑ	tuse kʰɑ	tu kʰɑ	tusɛ kʰɑ	tu̱s kʰɑ̱ʰ	tu̱s kɑʰ	tu̱ kʰɑ̱ʰ
Backstrom-1992-210f-183	Shina-180	the dog bites	šus ˈkʰʌwʌn	šõ ẓ̌ʌn tʰɛn	šũ se ẓ̌ʌn tʰu̱	šũs ǰ̣ʌn tʰuu	šus ẓ̌ʌn tʰu	šũs ǰ̣ʌn tʰɛn / ẓ̌ʌn	šũs ǰ̣ʌn tʰɛn / ẓ̌ʌn	šus ẓ̌ʌn tʰu	šus ẓ̌ʌn tʰʊn	šuse ẓ̌ʌn tʸun	šũ čɑpo	šũ se̱ ẓ̌ʌn tʰo	šũ se̱ ẓ̌ʌn tʰo	šuŋ se ẓ̌ʌn tɑ̃õ	šuŋi ẓ̌ʌŋ tɑo	šũi ẓ̌ʌn tʰo / tʰɑ̃ũ	ˈšuŋi ẓ̌ʌŋ ˈtʰɑ̃ᵒ		šũs čɑˈpo	šũs čɑˈpin	šuwẽ čɑˈpʰo	šusɛ čʌˈpĩ	šũs čɑˈpẽ	šusɛ čʌˈpiŋ	šĩ čʌˈpɑu	šĩ čʌˈpɑu	šẽ čɑˈpɑu
Backstrom-1992-210f-184	Shina-181	you are hungry	tu̱ niˈrolo hʌno	tu̱ niˈrono hʌn	tu̱ oˈyɑno ˈhʌno / bɪˈyɑno	tu oˈyɑno ˈbigɑno	tu̱ oˈyʌno biˈyʌno / biˈgʌno	tu oˈyɑno ˈbɪgɑno	tu oˈyʌ̱no biˈyʌ̱no	tu oˈyɑno biˈgʌno	tu nɪˈrɑ̱no hʌˈno / oˈyɑno	tu oˈyɑno hɪno	tu nirono hʌn / tu unilæn	tu onˈyɑlo / tu niˈrono hɑ̃ũ	tu̱ onˈyɑlo / noˈrono hɑ̃ũ	tu niˈrono hɑ̃ũ / tu oˈyʌno hɑ̃ũ	tu nirono hõĩ / tu onyelo	tu uˈniye hɑ̃ũ / niˈrono	tu uˈnʸiɑi		tu nirono hʌn / tu uˈnilo e	tu uˈnilo næ	nuˈrono bɪlos / tu nuruˈelo	nɪˈrono	niˈrolo	nɪˈrono	tu̱ uˈnilno̱ˈyæ̃	tu̱ unilonoˈyæ̃ / niroˈnoæ̃	uˈnilonoˈyæ / tu̱ nɛronˈnõi
Backstrom-1992-210f-185	Shina-182	you drink!	tu̱s pi̱ʰ	tu̱s pi̱ʰ	tusʌ̱ pi̱ʰ	tu̱s pi̱ʰ	tu̱s pi̱ʰ	tu̱s pi̱ʰ	tus pi̱ʰ	tu̱s pi̱ʰ	tʊs pi̱ʰ	tusɛ piʰ	tu̱s pi̱ʰ	tus piʰ	tusɛ pi̱ʰ	tusɛ piʰ	tusɛ piʰ	tusɛ pi̱ʰ	tusɛ pi	pi	tu̱s pi̱ʰ	tu̱s pi̱ʰ	tu̱s pi	tu̱s pi	tʊsɛ pi	tʊsɛ pi	tu̱s pi̱ʰ	tu̱s piʰ	tu̱s pi̱ʰ
Backstrom-1992-210f-186	Shina-183	you are thirsty	wei ˈšʊko	te wei ˈkɑⁱdidɪn	tu̱ oˈyũyo̱ biˈyʌno	tu oˈyuyu biˈgʌno / tu̱ wei ˈšʊkʊno	tu̱ weⁱ šuˈkʰuno	tuṭ weiˈɑl ˈwʌ̱ti̱n	te weˈyɑl ˈɑlɪn / tu wɑˈyɑl biˈgʌno	tuṭ weˈyɑl ṣ̌ɑˈtin / wɑyɑl ˈbigʌno	tʊṭ weⁱɑl ˈwɑ̱ti̱n	tu õˈyɑlo hʌno	tu weˈlilo	tu weiliˈlɑ̃ũ / tutɛ oˈyɑ̃l ˈɑlɪŋ	tutɛ onˈyɑl ɑlĩ	tu unˈyɑlo hʌno	tu kʊmˈše hõĩ / tu oˈyɑ̃l dĩ	ture ʊˈnyɑl ɑli	tu ˈskomši bɑ̃ĩ		tu weˈlilo	tu weˈlilo næ	tu weˈlilo	wɑiˈlilo	weɑˈlilo	tu wɑiˈlilo	tu̱ uˈlilo̱no̱ˈyæ̃	tu̱ uˈlilonoˈyæ̃	tu uˈliloˈnoyo̱æ̃
Backstrom-1992-210f-187	Shina-184	you sleep!	tu̱ so̱ʰ	tu̱ so̱ʰ	tu̱ so̱ʰ	tu̱ so̱ʰ	tu̱ so̱ʰ	tu̱ so̱ʰ	tu̱ so̱ʰ	tu so̱ʰ	tu̱ so̱ʰ	tu so̱	tu so̱ʰ	tu̱ so̱ʰ	tu̱ so̱ʰ	tu so̱	tu so̱	tu̱ so̱ʰ	tu so	soi hɑ̃ĩ / niṣ̌ tʰɛs	tu soʰ / ˈnɪštʌ	tu soʰ / ˈnɪštʌ̥	tu̱ soʰ	so̱ / tus ˈniṣ̌ṭɛ	tu so̱	tu so / tus ˈnište	tu̱s ˈništɑ	tu̱ ˈništʌ	tu̱ ˈništɑ
Backstrom-1992-210f-188	Shina-185	you lie down!	tu̱ ẓ̌eék bo̱ʰ	tu̱ ẓ̌eék bo̱ʰ	tu̱ ẓ̌eék boʰ	tu̱ ǰ̣eék bo̱ʰ	tu̱ ẓ̌eek boʰ	tu̱ ǰ̣ɛɛ́k bo̱ʰ / ẓ̌ɛɛ́k bo̱ʰ	tu ǰ̣ek boʰ / ẓ̌eek bo̱ʰ	tu ẓ̌eek bo̱ʰ	tu̱ ṭɑɑ́m bo̱ʰ / žeék boʰ	tu ẓ̌eek bo	tu žeék boʰ	tu ẓ̌eék bo̱ʰ	tu̱ ẓ̌eék bo̱ʰ	tu ǰ̣eek boʰ / tu ḍɪl boʰ / tɑɑm	tu žek bo̱ʰ / tu tɑm boʰ	tu ẓ̌eĩ bo	tu ḍɪl bo		tu tɑm bo / tu ǰek bo	tu tɑm bo / tu ǰek bo	tu̱ tɑɑ́m bo	tu̱ tɑɑ́m bo	tɑɑ́m bo	tɑɑ́m bo	tu̱ ẓ̌eek boʰ	tu̱ ẓ̌eek boʰ	tu̱ žeek boʰ
Backstrom-1992-210f-189	Shina-186	you sit down!	tu̱ bei	tu̱ bèí	tu̱ bèí	tu̱ bèí	tu̱ bèí	tu bèí	tu̱ bèí	tu bèí	tu̱ bèí	tu beⁱ	tu bɑi	tu̱ bèí	tu̱ bèí	tu bèí	tu beⁱ	tu bei	tu beí	bi	tu bei	tu bei	tu bei	tu bei	beⁱ	bei	tu̱ bee	tu̱ beí	tu̱ bee
Backstrom-1992-210f-190	Shina-187	you give!	tu̱s dɛ̱ʰ	tu̱s dɛ̱ʰ	tu̱sʌ̱ dɛ̱ʰ	tu̱s dɛ̱ʰ	tu̱s dɛʰ	tu̱s dɛ̱ʰ	tu̱s dɛ̱ʰ	tus dɛ̱ʰ	tus dɛ̱ʰ	tusɛ dɛʰ	tu̱s deʰ	tus dɛʰ	tu̱sɛ dɛ̱ʰ	tusɛ dɛʰ	tusɛ dɛʰ	tu̱sɛ dɛ̱ʰ	tuse dɛʰ	dɛ	tu̱s dʌʰ	tu̱sᶺ dʌʰ	tus pɑˈle	tus dɛ	ˈtusɛ dɛʰ	pʌˈle	tu̱s dɑʰ	tu̱s dɑʰ	tu̱s dɑʰ / pʌˈlɑ̱ʰ
Backstrom-1992-210f-191	Shina-188	you burn the wood!	tus kɑṭʌ dɛʰ	tu̱s ǰuk dɑ̱i	tu̱sʌ̱ ǰu̱k dɑⁱ	tu̱s ˈčuni dɑe	tu̱s ˈčuni̱ dɑi / tu̱s ǰuk dɑi	tu̱s ǰu̱k deⁱ / tu̱s hɑˈgɑr tʰɛ̱ʰ	tu̱s ǰu̱k dɑⁱ	tus ǰu̱k dɑⁱ	tus ǰu̱k dɑⁱe̱ʰ	tu ǰuˈkuro ʌgɑr ṣ̌ɛ	tus ˈkɑṛṭe dʌⁱ	ˈkɑṭo dei / ǰu̱k dɑⁱe̱ʰ	ˈkɑṭo dɑi	tus ǰuk dɑⁱ / tus ǰuk ṣ̌e	tusɛ ˈkɑṭo dʌⁱ / tus ǰuk dɑˈi	kɑɑṭɛ̱ dɑi̱ʰ	tuse ˈkɑɑṛe pʰuṣ̌	kɑṭo ṣ̌ɛm / fu tʰɛm	tusɛ kɑṭo dʌi	tusɛ kɑṭo dʌi	tu̱s kɑṭe ˈpʰu de	ˈkɑɑṭo pʰu de	ˈpʰu de	ˈpʰu de	tu̱s kɑɑṭʰ dʌˈhɑ	tu̱s kɑṛṭ dʌˈhɑ	tus kɑɑṭʰ dʌˈhɑ
Backstrom-1992-210f-192	Shina-189	he died	ro ˈmuo	oó mùũ	wo ˈmuo	ro mùũ	òó mũũ	oó mùũ	ro mũõ	ro mũõ	oó mũũ	ro ˈmũũ	so mũ	yo mũũ	ɑɑ mũũ	oo ˈmuo	ẓ̌o ˈmuo	ẓ̌o ˈmuo	ẓ̌o ˈmuʷo		so mũ	so mũ	mũṛõ	ˈmũṛõ	so muu	so muu	sɑⁱ mũũ	so mũũ	ˈɑso mũ
Backstrom-1992-210f-193	Shina-190	you kill the bird!	tu̱s ˈčɑi mɑˈrɛ̱ʰ	tu̱s ˈčɑi mɑˈrɛ̱ʰ	tu̱s čɑⁱ mʌˈrɛ̱ʰ	tu̱s ˈčɑ̃ɛk mɑˈrɛ̱ʰ	tu̱s čɑ̃i mɑˈrɛ̱ʰ	tu̱s čɑˈẽ mɑˈrɛ̱ʰ	tu̱s čɑi ˈmʌrɛʰ	tus čɑⁱ mʌ̱ˈrɛʰ	mɑˈrɛʰ	tuse čɑĩ mɑˈrɛ	tus čɑẽ mɑrʌ	tus čɑ̃ĩ mʌˈrɑ	tusɛ̱ ˈčɑẽ mɑˈrɛʰ	tu̱s čɑ̃ⁱ mʌˈrɛ	tusɛ t͡sɑⁱ ˈmɑrɛʰ	tusɛ ˈčɑẽ mɑˈrɛʰ	tuse čɑe mɑˈre̱		tus čɑẽ mɑˈrʌ	tus čɑẽ mɑˈrɛ	tu̱sɛ čʌẽ mɑˈreʰ	tʊsɛ mɑˈrɛ	mɑˈrɛʰ	tʊsɛ mʌˈrɛʰ	tu̱s čɑi ˈmʌrɛ / ˈmʌrʌ	tu̱s čɑi ˈmʌrɛʰ / ˈmɑrʌ	tu̱s čɑi ˈmʌrʌ̱
Backstrom-1992-210f-194	Shina-191	the bird flies	ˈčɑi se tor din	ˈčɑi se tor̃ din	čɑⁱ se tʌr ˈdɑini̱	ˈčɑ̃ẽ tʰɑr dɪn	ˈhɑrʌčɛn ˈtɑr dɑi̱n	čɑˈẽ se tʰɑr̃ den	čɑi se ˈtɑr din / čɑi ˈuč̣ɛ tʰi	čɑ̃ⁱ se tʰɑr̃ dɑⁱn	bɪˈriŋ se tʰɑ̱r̃ dɛɛn	čɑĩ se tʌl dɛn	čɑⁱ se tɑr digi	brɪŋ se tʌl dĩũŋ	brɪŋ sɛ ˈtɑli dĩũ	čɑ̃i se pur̃ deˈgeⁱ	čɑⁱ sʌ tʌli di	čɑi se tɑˈli dɑ̃ĩ	čɑi ˈpʰuri bɛɛn		čɑⁱ tor deⁱ	čɑⁱ sɛ tʰor	čɑᵉ uˈtile / tʰor dʌi	čɑlis tor̃ dɪgi	tor di	tor din	čɑio̱ ˈtʰor dɑⁱ / utilɑ	ˈčɑiɑ ˈtʰor di / uˈtʰĩ	čɑⁱ uˈtili / utʰi
Backstrom-1992-210f-195	Shina-192	you walk!	tu yɑi	tu yɑ̀í	tu̱ ˈyɑo	tu̱ yɑe	tu̱ yɑe	tu ˈyɑe	tu̱ ˈyɑi	tu ˈyɑi	tu ˈyɑe	tu yɑi	tu yɑs	tu̱ yɑs	tu̱ yɑs	tu yɑs	tu yɑs	tu̱ yɑs	yɑs	yɑs	tu yɑs	tu yɑs	tu yɑs	tu yɑs	tu yɑs	tu yɑs	tu̱ yɑs	tu̱ yɑs	tu̱ yɑs
Backstrom-1992-210f-196	Shina-193	you run!	tus hɛ̃ɛ̃ tʰe	tu̱s hɑi tʰɛ̱ʰ	tu̱ uˈč̣o̱	tu̱ uˈč̣ʰo̱	tu̱ uˈč̣o̱	tu̱s hɑi tʰɛ̱ʰ	tu̱s ˈhɑi tʰɛ / oč̣o	tu̱s ˈhɑⁱ tʰɛ / ˈoč̣o̱	tus hɑi tʰɛ̱ʰ	tuse hɑi tʰe	tuse ˈhɑi tʰe	tus hɑi tʰɛʰ / uˈč̣o̱	tu̱se̱ ˈdɑr̃bʌk tʰɛ̱ʰ / tu̱ uˈč̣o̱	tusɛ hɑi tɛʰ / uˈč̣ɛ	tusɛ hɑi tʰɛ / uč̣i / tusɛ dʌrbʌk tʰe	tusɛ bʌŋ wi	hɑi tʰɛ / uˈč̣ʰi / tuse ˈbɑ̃õ wĩ	dɑrˈbʌk tʰɛ	tus hɑⁱ tʰɛ / tu uč̣o	tus hɑⁱ tʰɛ	tu̱s hɑⁱ tʰɛ	tusɛ ˈhɛ̃ te	hɑi tʰɛ	hɛ te	tu̱ hʌt tɑ	tu̱ hɑⁱ tʰʌ̱ / tus hʌt tʌ	tu̱ ˈhʌtʰʌ̱ / hʌᶦ tʰʌ
Backstrom-1992-210f-197	Shina-194	you go!	tu bo̱ʰ	tu bo̱ʰ	tu̱ bo̱ʰ	tu̱ bo̱ʰ	tu̱ boʰ	tu̱ bo̱ʰ	tu̱ bo̱ʰ	tu̱ bo̱ʰ	tu bo̱ʰ	tu boʰ	tu boʰ	tu̱ bo̱ʰ	tu̱ bo̱ʰ	tu boʰ	tu boʰ	tu̱ bo̱ʰ	tu bo	bo	tu boʰ	tu boʰ	tu bo̱ʰ	tu boʰ	tu boʰ	tu boʰ	tu̱ boʰ	tu̱ boʰ	tu̱ bo̱ʰ
Backstrom-1992-210f-198	Shina-195	you come!	tu wʌs	tu ɛ̱ʰ / wɑ̱ʰ	tu̱ wɑ̱ʰ	tu̱ wɑ̱ʰ	tu̱ wɑʰ	tu̱ wɑ̱ʰ	tu̱ wɑ̱ʰ / tu̱ ɛ̱ʰ	tu̱ wɑ̱ʰ / ɛʰ	tu wɑ̱ʰ	tu ɛʰ	tu ɛʰ	tu̱ wɑ̱s / tu̱ ɛʰ	tu̱ wɑ̱s / tu̱ ɛʰ	tu ɛʰ / tu wʌs	tu ɛʰ / tu wɑs	tu̱ ɛʰ	tu ɛʰ	e / wʌs	tu ɛʰ / tu wɑʰ	tu ɛʰ / tu wɑ̱s	tu e̱ʰ	tu ɛʰ	tu ɛʰ	tu ɛʰ	tu̱ ɛʰ	tu̱ ɛʰ	tu̱ ɛʰ
Backstrom-1992-210f-199	Shina-196	you speak!	tus reʰ	tu̱s r̃ɑ̱ʰ	tusʌ̱ rɑ̱ʰ	tu̱s rɑ̱ʰ	tu̱s rɑʰ	tu̱s rɑ̱ʰ	tu̱s rɑ̱ʰ	tu̱s rɑ̱ʰ	tus r̃ɑ̱ʰ	tusɛ rɑʰ	tusɛ̱ rʌs	tu̱s rɑ̱s	tu̱sɛ rɑ̱s	tusɛ rʌs	tusɛ rʌs	tu̱sɛ rʌs	tuse rʌs	tusu rʌs	tusɛ̱ rʌs	tusɛ̱ rʌs	tusɛ rʌs	tusɛ rʌs	rʌs	tusɛ̱ rʌs	tu̱s rʌs	tu̱s rʌs	tu̱s rʌs
Backstrom-1992-210f-200	Shina-197	you listen!/hear!	tu̱ pɑˈruš / tu̱s ˈkoṇḍɛ̱ʰ	tu̱ pɑˈr̃uš / tu̱s ˈkoṇḍɛ̱ʰ	tu̱ pɑˈru̱čʰ	tu̱s pɑˈručʰ / tu̱s koṇḍɛ̱ʰ	tu̱ pɑˈručʰ	tu̱ pɑˈručʰ / tu̱s koṇḍɛʰ	tu̱ pɑˈruč	tu pɑˈručʰ	tu pɑˈručʰ / tus koṇ ḍɛ̱ʰ	tu pɑˈruč	tu pɑˈruš / tu koṇḍɛ	tu̱ pɑˈruš / tu̱s koṇˈḍɛʰ	tu̱ pɑˈruš / tu̱s koṇˈḍɛʰ	tu pɑˈruš / tu ˈkoṇḍɛ	tu pɑˈruš / tusɛ koṇḍɛ	tu̱ pɑˈruš	tuse koṇde	koṇˈḍʸe	tu pɑˈruš / tus ˈkoṇḍɛ̱	tu pɑˈruš / tus ˈkoṇḍɛ̱	tus pɑˈruš / koṇḍe	tu pɑˈruš	pɑˈruš	tu pɑˈruš	tu̱s ˈkoṇḍʌ / ṣ̌ʊṇ	tu̱s ˈkoṇḍʌ / tu ṣ̌uṇ	tu̱s ˈkoṇḍʌ / tu̱ ˈṣ̌oṇo̱
Backstrom-1992-210f-201	Shina-198	you look!/see!	tu̱s č̣ʌˈkɛ̱	tu̱s č̣ʌˈkɛ̱	tu̱sʌ ṣ̌ɛˈkʰɛʰ	tu̱s č̣ʌˈkʰe̱ʰ	tu̱s č̣ʰʌkɛ̱	tu̱s č̣ʌˈke̱ʰ	tu̱s č̣ʌˈke̱	tus č̣ɛˈkeʰ	tu̱s č̣ʌˈkɛ̱ʰ	tusɛ č̣ʌˈkɛ	tusɛ ˈč̣ʌkɛ	tus č̣ʌˈkɛ	tu̱sɛ̱ č̣ʌˈkɛ̱ʰ	tusɛ č̣ʌˈkɛ	tusɛ č̣ʌˈkɛ	č̣ʌˈkɛʰ	č̣ʌˈke	č̣ʌˈke	tus č̣ɛˈkɛ	tus č̣ʌˈkɛ	tu̱s č̣ʌˈkeʰ	tu̱s č̣ʌˈkeʰ	č̣ʌˈke	tusɛ č̣ʌˈke	tu̱s č̣ɑˈkɑʰ / ˈɑč̣itʰɑ	tus č̣ɑˈkɑ / tu̱s ɑč̣itʰʌ	tu̱s ˈč̣ʌkʌ / ɑˈṣ̌itʰ
Backstrom-1992-210f-202	Shina-199	I	mɑ̱ʰ	mɑ̱ʰ	mɑ̱̃	mɑ̱ʰ	mɑʰ	mɑ̱ʰ	mɑ	mɑ̱̃	mɑ̱ʰ	mɑ̱ʰ	mɑ̃	mu	mu	mɔ̃ / mõ / mɑ̃	mɔ̃	moʰ	mo	mũ	mõ	mɔ̃	mɑʰ	mɑʰ	mo	mɑ̱	mõ̱	mo̱	mɑʰ / mõ
Backstrom-1992-210f-203	Shina-200	you	tu̱	tu̱	tu̱	tu̱	tu̱	tu̱	tu̱	tu̱	tu̱	tu	tu	tu̱	tu̱	tu	tu	tu̱	tu	tu	tu	tu	tu	tu	tu	tu	tu̱	tu̱	tu̱
Backstrom-1992-210f-205	Shina-201	he	ɑˈlo	oó	wo / oó	ro / pɑˈroó	òó	ɑˈnu̱ / òó / ro	òó	òó	oó	ro / oo	ɑɑ́	ɑɑ́ / yo̱ʰ	ɑɑ́	òó	òó	ɑo	ɑo	ro / so	ɑi / ˈɑnu	ɑⁱ / so	ɑˈṛo / so	ɑˈṛo	ɑˈyo	eˈɑ	ɑˈsɑ / ɑɑ	ʌˈso / so	ˈɑso
Backstrom-1992-210f-206	Shina-202	she	ɑˈlɑ	ɑɑ́	eé	re̱ / pɑˈreé	èé	ɑˈne̱ / re / èé	èé	èé	eé	yei / re	ɑɑ́	ɑɑ́	ɑɑ́	èé	èé	ɑɑ́	ɑɑ	re	ɑi / ˈɑnu	ɑⁱ	ɑˈlɑ	ɑˈṛʌ	ˈɑyɑ	ɑˈɛ	ˈɑsɛ / ˈɑsʌ	ɑˈse̱ / ɑˈsʌ	ˈɑso
Backstrom-1992-210f-207	Shina-203	we	bɛʰ	bɛʰ	bɛʰ	bɛ̱ʰ	bɛʰ	bɛ̱ʰ	be̱ʰ	be̱ʰ	bɛ̱ʰ	bɛʰ	bɛʰ	bɛ̱ʰ	bɛ̱ʰ	bɛʰ	bɛʰ	bɛ̱ʰ	bɛʰ	be̱	bɛʰ	bɛʰ	bɛʰ	bɛʰ	bɛʰ	bɛʰ	bɛʰ	bɛʰ	bɛʰ
Backstrom-1992-210f-209	Shina-204	you (plural)	t͡sʰo	t͡sʰo	t͡sʰo̱	t͡sʰo̱	t͡sʰo	t͡sʰo̱	su̱	su	su̱ʰ	t͡sʰo	t͡sʰo	t͡sʰo̱	t͡sʰo̱	t͡sʰo̱	tʰo	tʰo	tʰõⁱ	t͡sʰo	t͡sʰo	t͡sʰo	so	t͡so	yɛ / t͡sʰo	so / t͡so	t͡sʰo	t͡sʰo	t͡sʰo
Backstrom-1992-210f-210	Shina-205	they	ee / ɑˈli	eé	wi / eí	re / pɑˈree	èé / èí	ri / èí	ri / èí	èé / èí	eé	ee	eé	ɑi / ye̱ʰ	ɑɑ́	èé / ɑ̀ɑ́	èé / ɑ̀ɑ́	ɑɑ́	ee	se / re	ɑⁱ / ˈɑnu	ɑⁱ	ˈɑle	ɑˈṛe	ʌˈye	æyɑ / eˈɑ	se / ɑˈsʌ	ɑˈsʌ / so	ɑˈsʌ
